Código IBGE;Município;Região Administrativa;Código RA;Código DRS;DRS;Ano;Área (Em km2);Densidade Demográfica (Habitantes/km2);População;População Urbana;Grau de Urbanização (Em %);Domicílios Particulares Permanentes;Hab./Domicílio
3500105;Adamantina;RA de Presidente Prudente;9;5;Marília;2020;411,99;82,27;33.894;32.668;96,38;12328;2,75
3500204;Adolfo;RA de São José do Rio Preto;14;15;São José do Rio Preto;2020;211,06;16,33;3.447;3.189;92,52;1280;2,69
3500303;Aguaí;RA de Campinas;4;14;São João da Boa Vista;2020;474,55;75,04;35.608;32.833;92,21;12063;2,95
3500402;Águas da Prata;RA de Campinas;4;14;São João da Boa Vista;2020;142,67;54,65;7.797;7.188;92,19;2780;2,80
3500501;Águas de Lindóia;RA de Campinas;4;3;Campinas;2020;60,13;305,57;18.374;18.209;99,1;6305;2,91
3500550;Águas de Santa Bárbara;RA de Sorocaba;13;12;Bauru;2020;404,46;14,66;5.931;4.611;77,74;2133;2,78
3500600;Águas de São Pedro;RA de Campinas;4;11;Piracicaba;2020;3,61;864,82;3.122;3.122;100;1160;2,69
3500709;Agudos;RA de Bauru;3;12;Bauru;2020;966,71;37,38;36.134;34.815;96,35;11886;3,04
3500758;Alambari;RA de Sorocaba;13;6;Sorocaba;2020;159,6;36,21;5.779;4.729;81,83;2010;2,88
3500808;Alfredo Marcondes;RA de Presidente Prudente;9;2;Presidente Prudente;2020;118,92;33,02;3.927;3.554;90,5;1463;2,68
3500907;Altair;RA de Barretos;2;16;Barretos;2020;313,01;12,89;4.036;3.413;84,56;1440;2,80
3501004;Altinópolis;RA de Ribeirão Preto;11;1;Ribeirão Preto;2020;928,96;16,74;15.553;14.272;91,76;5395;2,88
3501103;Alto Alegre;RA de Araçatuba;1;7;Araçatuba;2020;318,57;12,61;4.017;3.412;84,94;1464;2,74
3501152;Alumínio;RA de Sorocaba;13;6;Sorocaba;2020;83,66;214,82;17.972;15.073;83,87;6017;2,99
3501202;Álvares Florence;RA de São José do Rio Preto;14;15;São José do Rio Preto;2020;362,41;9,99;3.621;2.663;73,54;1450;2,50
3501301;Álvares Machado;RA de Presidente Prudente;9;2;Presidente Prudente;2020;347,65;68,43;23.789;21.720;91,3;8435;2,82
3501400;Álvaro de Carvalho;RA de Marília;8;5;Marília;2020;153,66;32,83;5.044;3.400;67,41;1140;4,42
3501509;Alvinlândia;RA de Marília;8;5;Marília;2020;84,88;37,42;3.176;2.929;92,22;1034;3,07
3501608;Americana;RA de Campinas;4;3;Campinas;2020;133,91;1743,39;233.458;232.367;99,53;82265;2,84
3501707;Américo Brasiliense;RA Central;5;8;Araraquara;2020;122,79;327,74;40.243;39.938;99,24;13584;2,96
3501806;Américo de Campos;RA de São José do Rio Preto;14;15;São José do Rio Preto;2020;252,88;22,68;5.736;5.025;87,6;2160;2,66
3501905;Amparo;RA de Campinas;4;3;Campinas;2020;445,32;156,38;69.639;58.620;84,18;23985;2,90
3502002;Analândia;RA de Campinas;4;11;Piracicaba;2020;325,95;14,88;4.850;4.065;83,81;1697;2,86
3502101;Andradina;RA de Araçatuba;1;7;Araçatuba;2020;964,23;58,13;56.054;52.856;94,29;19825;2,83
3502200;Angatuba;RA de Itapeva;7;6;Sorocaba;2020;1027,29;23,85;24.501;18.333;74,83;8530;2,87
3502309;Anhembi;RA de Sorocaba;13;12;Bauru;2020;736,56;9,06;6.672;5.256;78,78;2283;2,92
3502408;Anhumas;RA de Presidente Prudente;9;2;Presidente Prudente;2020;320,84;12,35;3.963;3.477;87,74;1358;2,92
3502507;Aparecida;RA de São José dos Campos;15;17;Taubaté;2020;121,08;294,92;35.709;35.190;98,55;11698;3,05
3502606;Aparecida d'Oeste;RA de São José do Rio Preto;14;15;São José do Rio Preto;2020;179;23,08;4.132;3.589;86,86;1549;2,67
3502705;Apiaí;RA de Itapeva;7;6;Sorocaba;2020;974,32;25,32;24.666;19.995;81,06;8335;2,96
3502754;Araçariguama;RA de Sorocaba;13;6;Sorocaba;2020;145,2;144,49;20.980;20.980;100;6805;3,08
3502804;Araçatuba;RA de Araçatuba;1;7;Araçatuba;2020;1167,13;163,19;190.469;186.796;98,07;69394;2,74
3502903;Araçoiaba da Serra;RA de Sorocaba;13;6;Sorocaba;2020;255,33;126,86;32.390;22.263;68,73;10872;2,98
3503000;Aramina;RA de Franca;6;4;Franca;2020;202,83;27,1;5.496;5.293;96,31;1924;2,86
3503109;Arandu;RA de Itapeva;7;12;Bauru;2020;285,91;21,56;6.165;5.087;82,51;2143;2,88
3503158;Arapeí;RA de São José dos Campos;15;17;Taubaté;2020;156,9;15,75;2.471;1.920;77,7;871;2,84
3503208;Araraquara;RA Central;5;8;Araraquara;2020;1003,63;226,79;227.618;221.147;97,16;82085;2,77
3503307;Araras;RA de Campinas;4;11;Piracicaba;2020;644,83;203,24;131.057;124.772;95,2;44478;2,95
3503356;Arco-Íris;RA de Marília;8;5;Marília;2020;264,9;6,86;1.816;1.165;64,15;661;2,75
3503406;Arealva;RA de Bauru;3;12;Bauru;2020;504,97;16,23;8.196;6.875;83,88;2962;2,77
3503505;Areias;RA de São José dos Campos;15;17;Taubaté;2020;305,23;12,59;3.843;2.577;67,06;1223;3,14
3503604;Areiópolis;RA de Sorocaba;13;12;Bauru;2020;85,91;126,38;10.857;10.062;92,68;3571;3,04
3503703;Ariranha;RA de São José do Rio Preto;14;15;São José do Rio Preto;2020;132,62;70,28;9.320;8.826;94,7;3214;2,90
3503802;Artur Nogueira;RA de Campinas;4;3;Campinas;2020;178,03;295,51;52.609;47.632;90,54;18099;2,91
3503901;Arujá;RM de São Paulo;10;10;Grande São Paulo;2020;96,17;933,18;89.744;86.429;96,31;28246;3,18
3503950;Aspásia;RA de São José do Rio Preto;14;15;São José do Rio Preto;2020;69,37;25,44;1.765;1.322;74,9;650;2,72
3504008;Assis;RA de Marília;8;5;Marília;2020;460,61;220,1;101.381;96.956;95,64;35974;2,82
3504107;Atibaia;RA de Campinas;4;3;Campinas;2020;478,52;291,75;139.606;130.756;93,66;45697;3,06
3504206;Auriflama;RA de Araçatuba;1;7;Araçatuba;2020;434,5;33,3;14.471;13.517;93,41;5363;2,70
3504305;Avaí;RA de Bauru;3;12;Bauru;2020;540,69;9,78;5.288;3.551;67,15;1873;2,82
3504404;Avanhandava;RA de Araçatuba;1;7;Araçatuba;2020;338,37;35,8;12.114;10.243;84,56;3629;3,34
3504503;Avaré;RA de Sorocaba;13;12;Bauru;2020;1213,06;72,16;87.538;84.509;96,54;30368;2,88
3504602;Bady Bassitt;RA de São José do Rio Preto;14;15;São José do Rio Preto;2020;110,37;147,95;16.329;15.333;93,9;5842;2,80
3504701;Balbinos;RA de Bauru;3;12;Bauru;2020;91,64;40,42;3.704;1.191;32,15;491;7,54
3504800;Bálsamo;RA de São José do Rio Preto;14;15;São José do Rio Preto;2020;149,88;56,87;8.524;7.948;93,24;3108;2,74
3504909;Bananal;RA de São José dos Campos;15;17;Taubaté;2020;616,43;17,28;10.651;8.994;84,44;3738;2,85
3505005;Barão de Antonina;RA de Itapeva;7;12;Bauru;2020;153,14;22,09;3.383;2.156;63,73;1195;2,83
3505104;Barbosa;RA de Araçatuba;1;7;Araçatuba;2020;205,21;35,5;7.284;6.230;85,53;2454;2,97
3505203;Bariri;RA de Bauru;3;12;Bauru;2020;444,41;76,49;33.993;32.762;96,38;11660;2,92
3505302;Barra Bonita;RA de Bauru;3;12;Bauru;2020;150,12;232,57;34.914;34.268;98,15;12307;2,84
3505351;Barra do Chapéu;RA de Itapeva;7;6;Sorocaba;2020;405,68;13,63;5.530;1.628;29,44;1830;3,02
3505401;Barra do Turvo;RA de Registro;16;9;Registro;2020;1007,68;7,63;7.687;3.591;46,72;2562;3,00
3505500;Barretos;RA de Barretos;2;16;Barretos;2020;1566,16;75,37;118.048;114.452;96,95;41852;2,82
3505609;Barrinha;RA de Ribeirão Preto;11;1;Ribeirão Preto;2020;146,03;221,45;32.338;31.979;98,89;10964;2,95
3505708;Barueri;RM de São Paulo;10;10;Grande São Paulo;2020;65,7;4024,2;264.390;264.390;100;87188;3,03
3505807;Bastos;RA de Marília;8;5;Marília;2020;170,91;118,78;20.301;18.001;88,67;6986;2,91
3505906;Batatais;RA de Franca;6;1;Ribeirão Preto;2020;849,53;70,89;60.222;53.258;88,44;20918;2,88
3506003;Bauru;RA de Bauru;3;12;Bauru;2020;667,68;545,51;364.225;358.133;98,33;128425;2,84
3506102;Bebedouro;RA de Barretos;2;16;Barretos;2020;683,19;108,54;74.155;71.307;96,16;26149;2,84
3506201;Bento de Abreu;RA de Araçatuba;1;7;Araçatuba;2020;301,69;9,76;2.945;2.815;95,59;1045;2,82
3506300;Bernardino de Campos;RA de Marília;8;5;Marília;2020;244,16;44,18;10.787;9.869;91,49;3748;2,88
3506359;Bertioga;RA de Santos;12;13;Baixada Santista;2020;491,55;128,76;63.290;62.695;99,06;21164;2,99
3506409;Bilac;RA de Araçatuba;1;7;Araçatuba;2020;158,03;49,46;7.816;7.373;94,33;2866;2,73
3506508;Birigui;RA de Araçatuba;1;7;Araçatuba;2020;530,03;228,91;121.329;118.125;97,36;43866;2,77
3506607;Biritiba Mirim;RM de São Paulo;10;10;Grande São Paulo;2020;317,41;101,88;32.338;28.210;87,23;10476;3,09
3506706;Boa Esperança do Sul;RA Central;5;8;Araraquara;2020;690,75;21,11;14.582;13.403;91,91;4980;2,93
3506805;Bocaina;RA de Bauru;3;12;Bauru;2020;363,93;33,34;12.135;11.341;93,46;4049;3,00
3506904;Bofete;RA de Sorocaba;13;12;Bauru;2020;653,54;16,95;11.076;7.062;63,76;3902;2,84
3507001;Boituva;RA de Sorocaba;13;6;Sorocaba;2020;248,95;230,13;57.292;53.893;94,07;19505;2,94
3507100;Bom Jesus dos Perdões;RA de Campinas;4;3;Campinas;2020;108,37;224,15;24.291;22.118;91,05;8374;2,90
3507159;Bom Sucesso de Itararé;RA de Itapeva;7;6;Sorocaba;2020;133,58;28,9;3.861;2.885;74,72;1199;3,22
3507209;Borá;RA de Marília;8;5;Marília;2020;118,95;6,83;812;632;77,83;277;2,93
3507308;Boracéia;RA de Bauru;3;12;Bauru;2020;122,11;38,97;4.759;4.342;91,24;1539;3,09
3507407;Borborema;RA Central;5;8;Araraquara;2020;552,26;27,75;15.323;14.405;94,01;5524;2,77
3507456;Borebi;RA de Bauru;3;12;Bauru;2020;347,99;7,41;2.579;2.400;93,06;873;2,95
3507506;Botucatu;RA de Sorocaba;13;12;Bauru;2020;1482,64;95,19;141.135;136.396;96,64;49847;2,83
3507605;Bragança Paulista;RA de Campinas;4;3;Campinas;2020;512,58;319,91;163.980;160.871;98,1;54513;3,01
3507704;Braúna;RA de Araçatuba;1;7;Araçatuba;2020;195,18;28,45;5.552;5.150;92,76;1911;2,91
3507753;Brejo Alegre;RA de Araçatuba;1;7;Araçatuba;2020;105,69;26,19;2.768;2.378;85,91;980;2,82
3507803;Brodowski;RA de Ribeirão Preto;11;1;Ribeirão Preto;2020;278,46;85,98;23.943;23.647;98,76;8032;2,98
3507902;Brotas;RA de Campinas;4;12;Bauru;2020;1101,37;21,65;23.850;20.735;86,94;8145;2,93
3508009;Buri;RA de Itapeva;7;6;Sorocaba;2020;1195,91;16,45;19.678;16.462;83,66;6364;3,09
3508108;Buritama;RA de Araçatuba;1;7;Araçatuba;2020;326,92;50,76;16.596;15.922;95,94;6053;2,74
3508207;Buritizal;RA de Franca;6;4;Franca;2020;266,42;16,17;4.307;3.611;83,84;1603;2,69
3508306;Cabrália Paulista;RA de Bauru;3;12;Bauru;2020;239,97;17,95;4.308;3.760;87,28;1539;2,80
3508405;Cabreúva;RA de Campinas;4;3;Campinas;2020;260,23;189,95;49.430;44.288;89,6;16053;3,08
3508504;Caçapava;RA de São José dos Campos;15;17;Taubaté;2020;368,99;247,21;91.217;78.049;85,56;29604;3,08
3508603;Cachoeira Paulista;RA de São José dos Campos;15;17;Taubaté;2020;287,99;111,92;32.231;26.907;83,48;10710;3,01
3508702;Caconde;RA de Campinas;4;14;São João da Boa Vista;2020;468,21;40,27;18.854;13.537;71,8;6369;2,96
3508801;Cafelândia;RA de Bauru;3;12;Bauru;2020;920,28;18,74;17.244;15.529;90,05;6005;2,87
3508900;Caiabu;RA de Presidente Prudente;9;2;Presidente Prudente;2020;253,35;16,19;4.103;3.506;85,45;1532;2,68
3509007;Caieiras;RM de São Paulo;10;10;Grande São Paulo;2020;97,64;1030,44;100.612;98.864;98,26;33250;3,03
3509106;Caiuá;RA de Presidente Prudente;9;2;Presidente Prudente;2020;551,16;10,16;5.600;2.145;38,3;1965;2,85
3509205;Cajamar;RM de São Paulo;10;10;Grande São Paulo;2020;131,39;590,81;77.627;76.714;98,82;26314;2,95
3509254;Cajati;RA de Registro;16;9;Registro;2020;454,44;63,8;28.992;21.499;74,15;9621;3,01
3509304;Cajobi;RA de Barretos;2;16;Barretos;2020;176,93;57,11;10.105;9.594;94,94;3624;2,79
3509403;Cajuru;RA de Ribeirão Preto;11;1;Ribeirão Preto;2020;660,09;38,88;25.663;22.937;89,38;8713;2,95
3509452;Campina do Monte Alegre;RA de Itapeva;7;6;Sorocaba;2020;185,03;31,41;5.812;5.120;88,09;2077;2,80
3509502;Campinas;RA de Campinas;4;3;Campinas;2020;794,57;1479,42;1.175.501;1.155.288;98,28;415221;2,83
3509601;Campo Limpo Paulista;RA de Campinas;4;3;Campinas;2020;79,4;1043,35;82.842;82.842;100;27497;3,01
3509700;Campos do Jordão;RA de São José dos Campos;15;17;Taubaté;2020;290,52;172,51;50.118;49.805;99,38;16624;3,01
3509809;Campos Novos Paulista;RA de Marília;8;5;Marília;2020;484,2;9,95;4.817;3.981;82,64;1724;2,79
3509908;Cananéia;RA de Registro;16;9;Registro;2020;1237,35;9,97;12.341;10.710;86,78;4064;3,04
3509957;Canas;RA de São José dos Campos;15;17;Taubaté;2020;53,26;95,08;5.064;4.870;96,17;1552;3,26
3510005;Cândido Mota;RA de Marília;8;5;Marília;2020;595,81;50,38;30.019;28.537;95,06;10684;2,81
3510104;Cândido Rodrigues;RA Central;5;8;Araraquara;2020;70,89;37,72;2.674;2.286;85,49;943;2,84
3510153;Canitar;RA de Marília;8;5;Marília;2020;57,46;86,86;4.991;4.766;95,49;1545;3,23
3510203;Capão Bonito;RA de Itapeva;7;6;Sorocaba;2020;1640,23;28,3;46.418;39.459;85,01;15133;3,07
3510302;Capela do Alto;RA de Sorocaba;13;6;Sorocaba;2020;169,89;120,91;20.542;17.817;86,73;6822;3,01
3510401;Capivari;RA de Campinas;4;11;Piracicaba;2020;322,88;167,96;54.231;52.908;97,56;17309;3,13
3510500;Caraguatatuba;RA de São José dos Campos;15;17;Taubaté;2020;484,95;239,42;116.106;111.793;96,29;40101;2,90
3510609;Carapicuíba;RM de São Paulo;10;10;Grande São Paulo;2020;34,55;11421,07;394.598;394.598;100;130531;3,02
3510708;Cardoso;RA de São José do Rio Preto;14;15;São José do Rio Preto;2020;639,25;18,34;11.721;10.781;91,98;4458;2,63
3510807;Casa Branca;RA de Campinas;4;14;São João da Boa Vista;2020;864,23;34,09;29.462;24.404;82,83;9348;3,15
3510906;Cássia dos Coqueiros;RA de Ribeirão Preto;11;1;Ribeirão Preto;2020;191,68;13,02;2.495;1.916;76,79;878;2,84
3511003;Castilho;RA de Araçatuba;1;7;Araçatuba;2020;1065,32;19,46;20.728;15.642;75,46;6926;2,99
3511102;Catanduva;RA de São José do Rio Preto;14;15;São José do Rio Preto;2020;290,6;403,32;117.206;116.265;99,2;42317;2,77
3511201;Catiguá;RA de São José do Rio Preto;14;15;São José do Rio Preto;2020;148,39;50,74;7.529;7.010;93,11;2631;2,86
3511300;Cedral;RA de São José do Rio Preto;14;15;São José do Rio Preto;2020;197,84;44,66;8.836;7.326;82,91;3112;2,84
3511409;Cerqueira César;RA de Sorocaba;13;12;Bauru;2020;511,62;37,55;19.213;17.718;92,22;6628;2,90
3511508;Cerquilho;RA de Sorocaba;13;6;Sorocaba;2020;127,8;363,15;46.411;44.009;94,82;15863;2,93
3511607;Cesário Lange;RA de Sorocaba;13;6;Sorocaba;2020;190,39;90,59;17.248;11.645;67,52;5513;3,13
3511706;Charqueada;RA de Campinas;4;11;Piracicaba;2020;175,85;96,29;16.933;15.491;91,48;5511;3,07
3511904;Clementina;RA de Araçatuba;1;7;Araçatuba;2020;168,59;49,37;8.324;8.066;96,9;2839;2,93
3512001;Colina;RA de Barretos;2;16;Barretos;2020;422,3;41,68;17.603;16.781;95,33;6025;2,92
3512100;Colômbia;RA de Barretos;2;16;Barretos;2020;728,65;8,3;6.046;4.541;75,11;2041;2,96
3512209;Conchal;RA de Campinas;4;11;Piracicaba;2020;182,79;149,26;27.284;26.382;96,69;8765;3,11
3512308;Conchas;RA de Sorocaba;13;12;Bauru;2020;466,12;36,76;17.134;14.628;85,37;5885;2,91
3512407;Cordeirópolis;RA de Campinas;4;11;Piracicaba;2020;137,58;177,03;24.356;21.876;89,82;8200;2,97
3512506;Coroados;RA de Araçatuba;1;7;Araçatuba;2020;246,83;24,01;5.926;5.081;85,74;2129;2,78
3512605;Coronel Macedo;RA de Itapeva;7;12;Bauru;2020;303,83;15,94;4.843;3.969;81,95;1745;2,78
3512704;Corumbataí;RA de Campinas;4;11;Piracicaba;2020;278,62;14,22;3.962;2.475;62,47;1394;2,84
3512803;Cosmópolis;RA de Campinas;4;3;Campinas;2020;154,67;460,87;71.282;66.201;92,87;24123;2,95
3512902;Cosmorama;RA de São José do Rio Preto;14;15;São José do Rio Preto;2020;441,68;15,84;6.997;5.364;76,66;2702;2,59
3513009;Cotia;RM de São Paulo;10;10;Grande São Paulo;2020;323,99;763,68;247.424;247.424;100;79461;3,11
3513108;Cravinhos;RA de Ribeirão Preto;11;1;Ribeirão Preto;2020;311,42;110,55;34.428;33.919;98,52;11230;3,07
3513207;Cristais Paulista;RA de Franca;6;4;Franca;2020;385,23;21,87;8.425;6.987;82,93;2901;2,90
3513306;Cruzália;RA de Marília;8;5;Marília;2020;149,33;14,18;2.117;1.508;71,23;791;2,68
3513405;Cruzeiro;RA de São José dos Campos;15;17;Taubaté;2020;305,7;261,46;79.927;78.112;97,73;26346;3,03
3513504;Cubatão;RA de Santos;12;13;Baixada Santista;2020;142,88;903,87;129.145;129.145;100;45056;2,87
3513603;Cunha;RA de São José dos Campos;15;17;Taubaté;2020;1407,25;15,41;21.681;13.609;62,77;7744;2,80
3513702;Descalvado;RA Central;5;8;Araraquara;2020;753,71;43,03;32.430;30.064;92,7;11121;2,92
3513801;Diadema;RM de São Paulo;10;10;Grande São Paulo;2020;30,73;13162,28;404.477;404.477;100;137580;2,94
3513850;Dirce Reis;RA de São José do Rio Preto;14;15;São José do Rio Preto;2020;88,13;19,48;1.717;1.417;82,53;647;2,65
3513900;Divinolândia;RA de Campinas;4;14;São João da Boa Vista;2020;223,75;48,65;10.886;8.192;75,25;3799;2,87
3514007;Dobrada;RA Central;5;8;Araraquara;2020;149,73;59,47;8.904;8.705;97,77;3144;2,83
3514106;Dois Córregos;RA de Bauru;3;12;Bauru;2020;632,97;42,61;26.972;26.113;96,82;8924;3,02
3514205;Dolcinópolis;RA de São José do Rio Preto;14;15;São José do Rio Preto;2020;77,94;26,17;2.040;1.915;93,87;763;2,67
3514304;Dourado;RA Central;5;8;Araraquara;2020;205,87;41,2;8.482;7.778;91,7;3089;2,75
3514403;Dracena;RA de Presidente Prudente;9;2;Presidente Prudente;2020;487,69;92,26;44.995;41.798;92,89;15860;2,84
3514502;Duartina;RA de Bauru;3;12;Bauru;2020;264,56;45,26;11.975;11.044;92,23;4288;2,79
3514601;Dumont;RA de Ribeirão Preto;11;1;Ribeirão Preto;2020;111,38;85,92;9.570;9.392;98,14;3218;2,97
3514700;Echaporã;RA de Marília;8;5;Marília;2020;515,26;12,07;6.217;5.145;82,76;2171;2,86
3514809;Eldorado;RA de Registro;16;9;Registro;2020;1654,26;9,21;15.236;7.498;49,21;4851;3,14
3514908;Elias Fausto;RA de Campinas;4;11;Piracicaba;2020;202,36;85,72;17.346;14.606;84,2;5534;3,13
3514924;Elisiário;RA de São José do Rio Preto;14;15;São José do Rio Preto;2020;93,98;37,23;3.499;3.267;93,37;1225;2,86
3514957;Embaúba;RA de Barretos;2;15;São José do Rio Preto;2020;83,13;28,98;2.409;2.139;88,79;875;2,75
3515004;Embu das Artes;RM de São Paulo;10;10;Grande São Paulo;2020;70,4;3846,45;270.790;270.790;100;86866;3,12
3515103;Embu-Guaçu;RM de São Paulo;10;10;Grande São Paulo;2020;155,64;437,25;68.053;66.238;97,33;22112;3,08
3515129;Emilianópolis;RA de Presidente Prudente;9;2;Presidente Prudente;2020;225,17;13,63;3.068;2.692;87,74;1137;2,70
3515152;Engenheiro Coelho;RA de Campinas;4;11;Piracicaba;2020;109,94;186,78;20.535;15.639;76,16;7067;2,91
3515186;Espírito Santo do Pinhal;RA de Campinas;4;14;São João da Boa Vista;2020;389,24;109,37;42.573;38.837;91,22;14527;2,93
3515194;Espírito Santo do Turvo;RA de Marília;8;5;Marília;2020;193,67;24,78;4.799;4.105;85,54;1668;2,88
3515202;Estrela d'Oeste;RA de São José do Rio Preto;14;15;São José do Rio Preto;2020;296,28;27,32;8.094;7.059;87,21;2968;2,73
3515301;Estrela do Norte;RA de Presidente Prudente;9;2;Presidente Prudente;2020;264,99;10,06;2.665;2.307;86,57;903;2,95
3515350;Euclides da Cunha Paulista;RA de Presidente Prudente;9;2;Presidente Prudente;2020;573,89;16,62;9.537;6.155;64,54;3318;2,87
3515400;Fartura;RA de Itapeva;7;12;Bauru;2020;429,17;36,45;15.644;13.045;83,39;5465;2,86
3515509;Fernandópolis;RA de São José do Rio Preto;14;15;São José do Rio Preto;2020;549,8;120,25;66.112;64.087;96,94;24506;2,70
3515608;Fernando Prestes;RA Central;5;15;São José do Rio Preto;2020;169,99;32,78;5.572;5.043;90,51;2012;2,77
3515657;Fernão;RA de Marília;8;5;Marília;2020;100,5;16,41;1.649;1.009;61,19;589;2,80
3515707;Ferraz de Vasconcelos;RM de São Paulo;10;10;Grande São Paulo;2020;29,56;6530,35;193.037;184.375;95,51;63320;3,05
3515806;Flora Rica;RA de Presidente Prudente;9;2;Presidente Prudente;2020;224,71;7,07;1.589;1.386;87,22;612;2,60
3515905;Floreal;RA de São José do Rio Preto;14;15;São José do Rio Preto;2020;204,24;13,98;2.856;2.420;84,73;1118;2,55
3516002;Flórida Paulista;RA de Presidente Prudente;9;5;Marília;2020;524,14;23,12;12.120;9.563;78,9;3934;3,08
3516101;Florínea;RA de Marília;8;5;Marília;2020;225,89;11,97;2.703;2.475;91,56;983;2,75
3516200;Franca;RA de Franca;6;4;Franca;2020;605,68;564,86;342.125;336.119;98,24;117052;2,92
3516309;Francisco Morato;RM de São Paulo;10;10;Grande São Paulo;2020;49;3559,24;174.403;174.048;99,8;57258;3,05
3516408;Franco da Rocha;RM de São Paulo;10;10;Grande São Paulo;2020;132,78;1146,26;152.201;140.219;92,13;46500;3,27
3516507;Gabriel Monteiro;RA de Araçatuba;1;7;Araçatuba;2020;138,68;19,35;2.684;2.386;88,9;1007;2,67
3516606;Gália;RA de Marília;8;5;Marília;2020;355,91;18,44;6.563;5.089;77,54;2448;2,68
3516705;Garça;RA de Marília;8;5;Marília;2020;555,81;76,43;42.483;39.806;93,7;14663;2,90
3516804;Gastão Vidigal;RA de Araçatuba;1;15;São José do Rio Preto;2020;180,57;26,41;4.768;4.473;93,81;1612;2,96
3516853;Gavião Peixoto;RA Central;5;8;Araraquara;2020;243,77;18,91;4.610;4.116;89,28;1591;2,90
3516903;General Salgado;RA de Araçatuba;1;15;São José do Rio Preto;2020;494,38;21,54;10.648;9.424;88,5;3962;2,69
3517000;Getulina;RA de Bauru;3;12;Bauru;2020;676,76;16,03;10.847;8.841;81,51;3308;3,28
3517109;Glicério;RA de Araçatuba;1;7;Araçatuba;2020;272,8;17,41;4.749;3.659;77,05;1622;2,93
3517208;Guaiçara;RA de Bauru;3;12;Bauru;2020;277,15;43,11;11.947;11.131;93,17;4001;2,99
3517307;Guaimbê;RA de Bauru;3;5;Marília;2020;217,81;25,41;5.534;5.045;91,16;1894;2,92
3517406;Guaíra;RA de Barretos;2;16;Barretos;2020;1258,47;31,04;39.061;37.840;96,87;14002;2,79
3517505;Guapiaçu;RA de São José do Rio Preto;14;15;São José do Rio Preto;2020;325,13;64,12;20.848;18.942;90,86;7387;2,82
3517604;Guapiara;RA de Itapeva;7;6;Sorocaba;2020;408,29;43,54;17.775;7.499;42,19;5857;3,03
3517703;Guará;RA de Franca;6;4;Franca;2020;362,18;57,5;20.824;20.329;97,62;7065;2,95
3517802;Guaraçaí;RA de Araçatuba;1;7;Araçatuba;2020;569,2;14,78;8.412;6.910;82,14;3044;2,76
3517901;Guaraci;RA de Barretos;2;16;Barretos;2020;641,5;17,11;10.978;10.201;92,92;3839;2,86
3518008;Guarani d'Oeste;RA de São José do Rio Preto;14;15;São José do Rio Preto;2020;85,7;22,43;1.922;1.718;89,39;753;2,55
3518107;Guarantã;RA de Bauru;3;5;Marília;2020;461,75;14,03;6.477;5.882;90,81;2213;2,93
3518206;Guararapes;RA de Araçatuba;1;7;Araçatuba;2020;955,64;33,56;32.076;30.158;94,02;11374;2,82
3518305;Guararema;RM de São Paulo;10;10;Grande São Paulo;2020;270,82;108,67;29.429;25.325;86,05;9589;3,07
3518404;Guaratinguetá;RA de São José dos Campos;15;17;Taubaté;2020;752,64;157,24;118.345;112.868;95,37;39458;3,00
3518503;Guareí;RA de Sorocaba;13;6;Sorocaba;2020;567,88;27,73;15.750;9.097;57,76;4369;3,60
3518602;Guariba;RA de Ribeirão Preto;11;1;Ribeirão Preto;2020;270,29;144,37;39.021;38.406;98,42;13320;2,93
3518701;Guarujá;RA de Santos;12;13;Baixada Santista;2020;144,79;2185,27;316.405;316.344;99,98;103296;3,06
3518800;Guarulhos;RM de São Paulo;10;10;Grande São Paulo;2020;318,68;4240,23;1.351.275;1.351.275;100;442888;3,05
3518859;Guatapará;RA de Ribeirão Preto;11;1;Ribeirão Preto;2020;413,57;17,99;7.440;5.982;80,4;2452;3,03
3518909;Guzolândia;RA de Araçatuba;1;7;Araçatuba;2020;252,48;20,23;5.107;4.550;89,09;1826;2,80
3519006;Herculândia;RA de Marília;8;5;Marília;2020;364,25;25,42;9.260;8.671;93,64;3265;2,84
3519055;Holambra;RA de Campinas;4;3;Campinas;2020;65,58;221;14.493;12.287;84,78;4670;3,10
3519071;Hortolândia;RA de Campinas;4;3;Campinas;2020;62,42;3689,01;230.268;230.268;100;75188;3,06
3519105;Iacanga;RA de Bauru;3;12;Bauru;2020;547,39;20,65;11.306;10.025;88,67;3815;2,96
3519204;Iacri;RA de Marília;8;5;Marília;2020;321,95;19,48;6.272;5.299;84,49;2219;2,83
3519253;Iaras;RA de Sorocaba;13;12;Bauru;2020;401,38;17,18;6.894;3.067;44,49;1615;4,27
3519303;Ibaté;RA Central;5;8;Araraquara;2020;290,98;119,38;34.738;33.550;96,58;11315;3,07
3519402;Ibirá;RA de São José do Rio Preto;14;15;São José do Rio Preto;2020;271,91;44,35;12.059;11.269;93,45;4359;2,77
3519501;Ibirarema;RA de Marília;8;5;Marília;2020;228,23;32,9;7.509;7.054;93,94;2612;2,87
3519600;Ibitinga;RA Central;5;8;Araraquara;2020;689,39;84,86;58.501;56.607;96,76;20424;2,86
3519709;Ibiúna;RA de Sorocaba;13;6;Sorocaba;2020;1058,08;72,23;76.430;28.199;36,9;25655;2,98
3519808;Icém;RA de São José do Rio Preto;14;15;São José do Rio Preto;2020;362,36;22,17;8.032;6.963;86,69;2805;2,86
3519907;Iepê;RA de Presidente Prudente;9;2;Presidente Prudente;2020;594,97;13,31;7.921;7.354;92,84;2747;2,88
3520004;Igaraçu do Tietê;RA de Bauru;3;12;Bauru;2020;97,75;246,91;24.135;23.997;99,43;7944;3,04
3520103;Igarapava;RA de Franca;6;4;Franca;2020;468,36;62,89;29.456;28.119;95,46;10561;2,79
3520202;Igaratá;RA de São José dos Campos;15;17;Taubaté;2020;292,95;31,79;9.312;7.971;85,6;3236;2,88
3520301;Iguape;RA de Registro;16;9;Registro;2020;1978,8;14,89;29.465;25.834;87,68;9982;2,95
3520400;Ilhabela;RA de São José dos Campos;15;17;Taubaté;2020;346,39;96,63;33.470;33.240;99,31;11975;2,79
3520426;Ilha Comprida;RA de Registro;16;9;Registro;2020;196,57;52,38;10.296;10.296;100;3662;2,81
3520442;Ilha Solteira;RA de Araçatuba;1;7;Araçatuba;2020;652,64;39,45;25.748;24.162;93,84;9179;2,81
3520509;Indaiatuba;RA de Campinas;4;3;Campinas;2020;311,55;779,55;242.868;240.426;98,99;82441;2,95
3520608;Indiana;RA de Presidente Prudente;9;2;Presidente Prudente;2020;129,37;36,91;4.775;4.209;88,15;1752;2,73
3520707;Indiaporã;RA de São José do Rio Preto;14;15;São José do Rio Preto;2020;279,61;13,78;3.854;3.491;90,58;1483;2,60
3520806;Inúbia Paulista;RA de Presidente Prudente;9;5;Marília;2020;87,12;44,67;3.892;3.527;90,62;1370;2,84
3520905;Ipaussu;RA de Marília;8;5;Marília;2020;209,55;69,22;14.506;13.644;94,06;4820;3,01
3521002;Iperó;RA de Sorocaba;13;6;Sorocaba;2020;170,29;201,73;34.352;21.197;61,71;10628;3,23
3521101;Ipeúna;RA de Campinas;4;11;Piracicaba;2020;190,01;39,85;7.571;6.860;90,61;2501;3,03
3521150;Ipiguá;RA de São José do Rio Preto;14;15;São José do Rio Preto;2020;136,03;38,45;5.231;3.383;64,67;1822;2,87
3521200;Iporanga;RA de Itapeva;7;9;Registro;2020;1152,06;3,83;4.407;2.894;65,67;1414;3,12
3521309;Ipuã;RA de Franca;6;4;Franca;2020;466,46;34;15.861;15.355;96,81;5529;2,87
3521408;Iracemápolis;RA de Campinas;4;11;Piracicaba;2020;115,12;205,47;23.654;23.238;98,24;7837;3,02
3521507;Irapuã;RA de São José do Rio Preto;14;15;São José do Rio Preto;2020;257,61;30,02;7.734;7.132;92,22;2684;2,88
3521606;Irapuru;RA de Presidente Prudente;9;2;Presidente Prudente;2020;214,46;34,2;7.334;5.185;70,7;2228;3,29
3521705;Itaberá;RA de Itapeva;7;6;Sorocaba;2020;1100,25;16,01;17.614;13.379;75,96;6065;2,90
3521804;Itaí;RA de Itapeva;7;12;Bauru;2020;1092,88;24,25;26.507;20.814;78,52;8577;3,09
3521903;Itajobi;RA de São José do Rio Preto;14;15;São José do Rio Preto;2020;502,07;29,11;14.614;12.840;87,86;5368;2,72
3522000;Itaju;RA de Bauru;3;12;Bauru;2020;230,36;15,86;3.654;2.959;80,98;1223;2,99
3522109;Itanhaém;RA de Santos;12;13;Baixada Santista;2020;601,71;164,13;98.757;98.018;99,25;33519;2,95
3522158;Itaoca;RA de Itapeva;7;6;Sorocaba;2020;183,02;17,41;3.186;1.737;54,52;1054;3,02
3522208;Itapecerica da Serra;RM de São Paulo;10;10;Grande São Paulo;2020;150,74;1125,24;169.619;168.213;99,17;53310;3,18
3522307;Itapetininga;RA de Sorocaba;13;6;Sorocaba;2020;1789,35;89,5;160.150;147.379;92,03;51625;3,10
3522406;Itapeva;RA de Itapeva;7;6;Sorocaba;2020;1826,26;50,21;91.693;83.413;90,97;30994;2,96
3522505;Itapevi;RM de São Paulo;10;10;Grande São Paulo;2020;82,66;2875,8;237.714;237.714;100;77498;3,07
3522604;Itapira;RA de Campinas;4;14;São João da Boa Vista;2020;518,42;137,92;71.500;67.027;93,74;24397;2,93
3522653;Itapirapuã Paulista;RA de Itapeva;7;6;Sorocaba;2020;406,48;10,28;4.180;2.146;51,34;1394;3,00
3522703;Itápolis;RA Central;5;8;Araraquara;2020;996,75;41,68;41.548;38.966;93,79;15127;2,75
3522802;Itaporanga;RA de Itapeva;7;12;Bauru;2020;508;28,91;14.688;11.952;81,37;5151;2,85
3522901;Itapuí;RA de Bauru;3;12;Bauru;2020;140,02;98,41;13.779;13.369;97,02;4620;2,98
3523008;Itapura;RA de Araçatuba;1;7;Araçatuba;2020;301,65;16,3;4.916;3.929;79,92;1696;2,90
3523107;Itaquaquecetuba;RM de São Paulo;10;10;Grande São Paulo;2020;82,62;4485,46;370.589;370.589;100;119140;3,11
3523206;Itararé;RA de Itapeva;7;6;Sorocaba;2020;1003,86;48,83;49.018;45.460;92,74;17240;2,84
3523305;Itariri;RA de Registro;16;9;Registro;2020;273,67;63,12;17.274;12.323;71,34;5827;2,96
3523404;Itatiba;RA de Campinas;4;3;Campinas;2020;322,28;365,88;117.916;102.739;87,13;40121;2,94
3523503;Itatinga;RA de Sorocaba;13;12;Bauru;2020;979,82;20,97;20.550;19.190;93,38;6602;3,11
3523602;Itirapina;RA de Campinas;4;11;Piracicaba;2020;564,6;30,4;17.162;15.873;92,49;4807;3,57
3523701;Itirapuã;RA de Franca;6;4;Franca;2020;161,12;38,97;6.279;5.425;86,4;2037;3,08
3523800;Itobi;RA de Campinas;4;14;São João da Boa Vista;2020;138,99;54,74;7.609;7.157;94,06;2607;2,92
3523909;Itu;RA de Sorocaba;13;6;Sorocaba;2020;640,72;264,97;169.772;161.437;95,09;56740;2,99
3524006;Itupeva;RA de Campinas;4;3;Campinas;2020;200,82;294,59;59.159;55.279;93,44;19698;3,00
3524105;Ituverava;RA de Franca;6;4;Franca;2020;704,66;57,11;40.246;37.890;94,15;14399;2,80
3524204;Jaborandi;RA de Barretos;2;16;Barretos;2020;273,44;24,42;6.677;6.340;94,95;2287;2,92
3524303;Jaboticabal;RA de Ribeirão Preto;11;1;Ribeirão Preto;2020;706,6;105,04;74.221;72.946;98,28;26162;2,84
3524402;Jacareí;RA de São José dos Campos;15;17;Taubaté;2020;464,27;490,98;227.945;224.797;98,62;76199;2,99
3524501;Jaci;RA de São José do Rio Preto;14;15;São José do Rio Preto;2020;145,13;48,02;6.969;6.371;91,42;2422;2,88
3524600;Jacupiranga;RA de Registro;16;9;Registro;2020;704,19;24,46;17.222;9.377;54,45;5917;2,91
3524709;Jaguariúna;RA de Campinas;4;3;Campinas;2020;141,39;387,92;54.848;53.844;98,17;18476;2,97
3524808;Jales;RA de São José do Rio Preto;14;15;São José do Rio Preto;2020;368,57;128,21;47.254;44.467;94,1;17973;2,63
3524907;Jambeiro;RA de São José dos Campos;15;17;Taubaté;2020;184,41;33,7;6.214;2.975;47,88;2120;2,93
3525003;Jandira;RM de São Paulo;10;10;Grande São Paulo;2020;17,45;7083,27;123.603;123.603;100;43029;2,87
3525102;Jardinópolis;RA de Ribeirão Preto;11;1;Ribeirão Preto;2020;501,87;85,47;42.893;42.070;98,08;14067;3,05
3525201;Jarinu;RA de Campinas;4;3;Campinas;2020;207,55;143,68;29.820;25.692;86,16;9707;3,07
3525300;Jaú;RA de Bauru;3;12;Bauru;2020;687,1;214,68;147.505;143.891;97,55;50233;2,94
3525409;Jeriquara;RA de Franca;6;4;Franca;2020;141,97;22,12;3.141;2.733;87,01;1097;2,86
3525508;Joanópolis;RA de Campinas;4;3;Campinas;2020;374,29;33,84;12.666;12.666;100;4590;2,76
3525607;João Ramalho;RA de Marília;8;2;Presidente Prudente;2020;415,45;10,55;4.384;3.903;89,03;1530;2,87
3525706;José Bonifácio;RA de São José do Rio Preto;14;15;São José do Rio Preto;2020;860,2;41,83;35.981;33.223;92,33;12581;2,86
3525805;Júlio Mesquita;RA de Marília;8;5;Marília;2020;128,18;36,2;4.640;4.430;95,47;1585;2,93
3525854;Jumirim;RA de Sorocaba;13;6;Sorocaba;2020;56,69;58,32;3.306;2.175;65,79;1151;2,87
3525904;Jundiaí;RA de Campinas;4;3;Campinas;2020;431,21;943,89;407.016;395.118;97,08;141326;2,88
3526001;Junqueirópolis;RA de Presidente Prudente;9;2;Presidente Prudente;2020;582,57;34,44;20.065;17.068;85,06;6557;3,06
3526100;Juquiá;RA de Registro;16;9;Registro;2020;812,8;23,16;18.828;12.310;65,38;6362;2,96
3526209;Juquitiba;RM de São Paulo;10;10;Grande São Paulo;2020;522,17;58,22;30.401;26.087;85,81;10331;2,94
3526308;Lagoinha;RA de São José dos Campos;15;17;Taubaté;2020;255,47;18,86;4.819;3.421;70,99;1827;2,64
3526407;Laranjal Paulista;RA de Sorocaba;13;12;Bauru;2020;384,27;72,43;27.834;25.207;90,56;9453;2,94
3526506;Lavínia;RA de Araçatuba;1;7;Araçatuba;2020;537,68;15,81;8.500;4.148;48,8;1818;4,68
3526605;Lavrinhas;RA de São José dos Campos;15;17;Taubaté;2020;167,07;42,9;7.167;6.741;94,06;2280;3,14
3526704;Leme;RA de Campinas;4;11;Piracicaba;2020;402,87;250,64;100.975;99.174;98,22;34413;2,93
3526803;Lençóis Paulista;RA de Bauru;3;12;Bauru;2020;809,54;81,95;66.343;65.168;98,23;22093;3,00
3526902;Limeira;RA de Campinas;4;11;Piracicaba;2020;580,71;510,24;296.300;289.378;97,66;101231;2,93
3527009;Lindóia;RA de Campinas;4;3;Campinas;2020;48,76;158,37;7.722;7.722;100;2798;2,76
3527108;Lins;RA de Bauru;3;12;Bauru;2020;570,06;131,72;75.087;74.209;98,83;26254;2,86
3527207;Lorena;RA de São José dos Campos;15;17;Taubaté;2020;414,16;209,19;86.639;84.522;97,56;28837;3,00
3527256;Lourdes;RA de Araçatuba;1;7;Araçatuba;2020;113,94;19,15;2.182;1.870;85,7;807;2,70
3527306;Louveira;RA de Campinas;4;3;Campinas;2020;55,13;875,53;48.268;47.122;97,63;16407;2,94
3527405;Lucélia;RA de Presidente Prudente;9;5;Marília;2020;314,81;66,77;21.019;18.381;87,45;7012;3,00
3527504;Lucianópolis;RA de Bauru;3;12;Bauru;2020;189,54;11,93;2.261;1.843;81,51;771;2,93
3527603;Luís Antônio;RA de Ribeirão Preto;11;1;Ribeirão Preto;2020;598,26;23,68;14.166;13.961;98,55;4688;3,02
3527702;Luiziânia;RA de Araçatuba;1;7;Araçatuba;2020;166,58;34,54;5.754;5.441;94,56;1948;2,95
3527801;Lupércio;RA de Marília;8;5;Marília;2020;155,17;28,49;4.421;4.196;94,91;1483;2,98
3527900;Lutécia;RA de Marília;8;5;Marília;2020;475,23;5,52;2.621;2.197;83,82;975;2,69
3528007;Macatuba;RA de Bauru;3;12;Bauru;2020;224,51;75,42;16.932;16.559;97,8;5386;3,14
3528106;Macaubal;RA de São José do Rio Preto;14;15;São José do Rio Preto;2020;248,09;31,23;7.749;7.028;90,7;2971;2,61
3528205;Macedônia;RA de São José do Rio Preto;14;15;São José do Rio Preto;2020;327,57;10,91;3.574;2.844;79,57;1346;2,66
3528304;Magda;RA de São José do Rio Preto;14;15;São José do Rio Preto;2020;312,28;9,89;3.088;2.641;85,52;1184;2,61
3528403;Mairinque;RA de Sorocaba;13;6;Sorocaba;2020;210,15;220,43;46.323;37.178;80,26;15449;3,00
3528502;Mairiporã;RM de São Paulo;10;10;Grande São Paulo;2020;320,7;307,52;98.622;90.911;92,18;31235;3,16
3528601;Manduri;RA de Sorocaba;13;12;Bauru;2020;229,05;41,58;9.525;8.786;92,24;3349;2,84
3528700;Marabá Paulista;RA de Presidente Prudente;9;2;Presidente Prudente;2020;919,52;5,36;4.931;2.195;44,51;1367;3,61
3528809;Maracaí;RA de Marília;8;5;Marília;2020;533,5;25,34;13.521;12.503;92,47;4918;2,75
3528858;Marapoama;RA de São José do Rio Preto;14;15;São José do Rio Preto;2020;111,27;26,12;2.906;2.617;90,06;1074;2,71
3528908;Mariápolis;RA de Presidente Prudente;9;5;Marília;2020;186,54;21,31;3.975;3.406;85,69;1450;2,74
3529005;Marília;RA de Marília;8;5;Marília;2020;1170,52;197,82;231.554;221.166;95,51;80584;2,87
3529104;Marinópolis;RA de São José do Rio Preto;14;15;São José do Rio Preto;2020;77,83;26,94;2.097;1.728;82,4;753;2,78
3529203;Martinópolis;RA de Presidente Prudente;9;2;Presidente Prudente;2020;1253,56;20,48;25.668;22.310;86,92;8650;2,97
3529302;Matão;RA Central;5;8;Araraquara;2020;524,9;152,45;80.020;78.552;98,17;27750;2,88
3529401;Mauá;RM de São Paulo;10;10;Grande São Paulo;2020;61,91;7432,27;460.132;460.132;100;156862;2,93
3529500;Mendonça;RA de São José do Rio Preto;14;15;São José do Rio Preto;2020;195,15;25,84;5.043;4.386;86,97;1870;2,70
3529609;Meridiano;RA de São José do Rio Preto;14;15;São José do Rio Preto;2020;228,2;16,38;3.739;2.709;72,45;1353;2,76
3529658;Mesópolis;RA de São José do Rio Preto;14;15;São José do Rio Preto;2020;148,64;12,74;1.893;1.635;86,37;693;2,73
3529708;Miguelópolis;RA de Franca;6;4;Franca;2020;820,85;26,1;21.424;20.459;95,5;7557;2,83
3529807;Mineiros do Tietê;RA de Bauru;3;12;Bauru;2020;213,24;59,07;12.597;12.034;95,53;4237;2,97
3529906;Miracatu;RA de Registro;16;9;Registro;2020;1001,48;19,9;19.934;10.767;54,01;6519;3,06
3530003;Mira Estrela;RA de São José do Rio Preto;14;15;São José do Rio Preto;2020;216,83;13,55;2.939;1.960;66,69;1169;2,51
3530102;Mirandópolis;RA de Araçatuba;1;7;Araçatuba;2020;917,69;31,22;28.646;26.161;91,33;8973;3,19
3530201;Mirante do Paranapanema;RA de Presidente Prudente;9;2;Presidente Prudente;2020;1238,93;14,34;17.769;10.463;58,88;6302;2,82
3530300;Mirassol;RA de São José do Rio Preto;14;15;São José do Rio Preto;2020;243,23;237,73;57.824;56.363;97,47;20648;2,80
3530409;Mirassolândia;RA de São José do Rio Preto;14;15;São José do Rio Preto;2020;166,13;28,3;4.702;3.823;81,31;1656;2,84
3530508;Mococa;RA de Campinas;4;14;São João da Boa Vista;2020;855,16;78,06;66.753;63.433;95,03;22636;2,95
3530607;Mogi das Cruzes;RM de São Paulo;10;10;Grande São Paulo;2020;712,54;607,55;432.905;401.520;92,75;144040;3,01
3530706;Mogi Guaçu;RA de Campinas;4;14;São João da Boa Vista;2020;812,75;182,5;148.325;142.302;95,94;50113;2,96
3530805;Mogi Mirim;RA de Campinas;4;14;São João da Boa Vista;2020;497,71;181,71;90.439;86.584;95,74;31278;2,89
3530904;Mombuca;RA de Campinas;4;11;Piracicaba;2020;133,7;24,92;3.332;2.948;88,48;1070;3,11
3531001;Monções;RA de São José do Rio Preto;14;15;São José do Rio Preto;2020;104,35;20,84;2.175;1.898;87,26;811;2,68
3531100;Mongaguá;RA de Santos;12;13;Baixada Santista;2020;143,21;381,33;54.610;54.372;99,56;17843;3,06
3531209;Monte Alegre do Sul;RA de Campinas;4;3;Campinas;2020;110,31;70,25;7.749;4.827;62,29;2754;2,81
3531308;Monte Alto;RA de Ribeirão Preto;11;1;Ribeirão Preto;2020;346,95;139,52;48.405;46.900;96,89;17154;2,82
3531407;Monte Aprazível;RA de São José do Rio Preto;14;15;São José do Rio Preto;2020;495,56;47,34;23.458;21.781;92,85;8562;2,74
3531506;Monte Azul Paulista;RA de Barretos;2;16;Barretos;2020;263,46;69,05;18.191;17.350;95,38;6462;2,82
3531605;Monte Castelo;RA de Presidente Prudente;9;2;Presidente Prudente;2020;233,55;17,09;3.991;3.336;83,59;1502;2,66
3531704;Monteiro Lobato;RA de São José dos Campos;15;17;Taubaté;2020;332,74;13,42;4.465;1.983;44,41;1585;2,82
3531803;Monte Mor;RA de Campinas;4;3;Campinas;2020;240,57;247,8;59.614;56.936;95,51;19542;3,05
3531902;Morro Agudo;RA de Franca;6;4;Franca;2020;1388,13;23,29;32.332;31.558;97,61;11043;2,93
3532009;Morungaba;RA de Campinas;4;3;Campinas;2020;146,75;90,27;13.247;11.938;90,12;4358;3,04
3532058;Motuca;RA Central;5;8;Araraquara;2020;228,7;20,28;4.638;3.705;79,88;1659;2,80
3532108;Murutinga do Sul;RA de Araçatuba;1;7;Araçatuba;2020;250,87;17,06;4.281;2.631;61,46;1580;2,71
3532157;Nantes;RA de Presidente Prudente;9;2;Presidente Prudente;2020;286,65;10,71;3.071;2.937;95,64;1065;2,88
3532207;Narandiba;RA de Presidente Prudente;9;2;Presidente Prudente;2020;357,33;13,55;4.841;3.935;81,28;1656;2,92
3532306;Natividade da Serra;RA de São José dos Campos;15;17;Taubaté;2020;833,37;8,04;6.698;2.844;42,46;2565;2,61
3532405;Nazaré Paulista;RA de Campinas;4;3;Campinas;2020;326,25;56,54;18.445;17.810;96,56;6259;2,95
3532504;Neves Paulista;RA de São José do Rio Preto;14;15;São José do Rio Preto;2020;219,05;39,35;8.620;7.932;92,02;3205;2,69
3532603;Nhandeara;RA de São José do Rio Preto;14;15;São José do Rio Preto;2020;436,16;24,72;10.782;9.057;84;4032;2,67
3532702;Nipoã;RA de São José do Rio Preto;14;15;São José do Rio Preto;2020;137,61;36,11;4.969;4.510;90,76;1789;2,78
3532801;Nova Aliança;RA de São José do Rio Preto;14;15;São José do Rio Preto;2020;217,52;29,65;6.450;5.635;87,36;2347;2,75
3532827;Nova Campina;RA de Itapeva;7;6;Sorocaba;2020;385,38;25,11;9.675;7.671;79,29;3133;3,09
3532843;Nova Canaã Paulista;RA de São José do Rio Preto;14;15;São José do Rio Preto;2020;124,47;15,56;1.937;979;50,54;733;2,64
3532868;Nova Castilho;RA de Araçatuba;1;7;Araçatuba;2020;183,4;6,41;1.176;938;79,76;431;2,73
3532900;Nova Europa;RA Central;5;8;Araraquara;2020;160,25;67,08;10.749;10.204;94,93;3680;2,92
3533007;Nova Granada;RA de São José do Rio Preto;14;15;São José do Rio Preto;2020;531,8;39,33;20.918;19.592;93,66;7506;2,79
3533106;Nova Guataporanga;RA de Presidente Prudente;9;2;Presidente Prudente;2020;34,16;64,14;2.191;1.969;89,87;818;2,68
3533205;Nova Independência;RA de Araçatuba;1;7;Araçatuba;2020;265,03;14,08;3.731;3.172;85,02;1286;2,90
3533254;Novais;RA de São José do Rio Preto;14;15;São José do Rio Preto;2020;117,77;46,78;5.509;5.137;93,25;1860;2,96
3533304;Nova Luzitânia;RA de Araçatuba;1;7;Araçatuba;2020;73,82;54,78;4.044;3.782;93,52;1452;2,79
3533403;Nova Odessa;RA de Campinas;4;3;Campinas;2020;73,79;786,54;58.039;57.093;98,37;19952;2,91
3533502;Novo Horizonte;RA de São José do Rio Preto;14;15;São José do Rio Preto;2020;931,74;41,81;38.954;36.529;93,77;14200;2,74
3533601;Nuporanga;RA de Franca;6;4;Franca;2020;348,27;20,87;7.268;6.926;95,29;2572;2,83
3533700;Ocauçu;RA de Marília;8;5;Marília;2020;301,04;13,77;4.146;3.582;86,4;1498;2,77
3533809;Óleo;RA de Marília;8;5;Marília;2020;198,94;12,7;2.527;1.818;71,94;923;2,74
3533908;Olímpia;RA de Barretos;2;16;Barretos;2020;802,56;65,44;52.516;50.148;95,49;18449;2,85
3534005;Onda Verde;RA de São José do Rio Preto;14;15;São José do Rio Preto;2020;242,95;17,39;4.225;3.597;85,14;1436;2,94
3534104;Oriente;RA de Marília;8;5;Marília;2020;218,67;28,65;6.265;5.956;95,07;2169;2,89
3534203;Orindiúva;RA de São José do Rio Preto;14;15;São José do Rio Preto;2020;247,38;27,75;6.866;6.405;93,29;2459;2,79
3534302;Orlândia;RA de Franca;6;4;Franca;2020;291,77;144,86;42.266;41.177;97,42;14157;2,99
3534401;Osasco;RM de São Paulo;10;10;Grande São Paulo;2020;64,95;10484,43;680.964;680.964;100;227397;2,99
3534500;Oscar Bressane;RA de Marília;8;5;Marília;2020;222,13;11,32;2.514;2.203;87,63;924;2,72
3534609;Osvaldo Cruz;RA de Presidente Prudente;9;5;Marília;2020;248,04;126,04;31.263;28.537;91,28;10942;2,86
3534708;Ourinhos;RA de Marília;8;5;Marília;2020;295,82;373,5;110.489;107.635;97,42;38287;2,89
3534757;Ouroeste;RA de São José do Rio Preto;14;15;São José do Rio Preto;2020;288,65;33,87;9.777;9.111;93,19;3514;2,78
3534807;Ouro Verde;RA de Presidente Prudente;9;2;Presidente Prudente;2020;266,78;30,99;8.268;7.784;94,15;2965;2,79
3534906;Pacaembu;RA de Presidente Prudente;9;5;Marília;2020;339,38;38,47;13.056;9.620;73,68;3839;3,40
3535002;Palestina;RA de São José do Rio Preto;14;15;São José do Rio Preto;2020;697,7;17,43;12.160;10.458;86;4492;2,71
3535101;Palmares Paulista;RA de São José do Rio Preto;14;15;São José do Rio Preto;2020;82,13;158,25;12.997;12.623;97,12;4457;2,92
3535200;Palmeira d'Oeste;RA de São José do Rio Preto;14;15;São José do Rio Preto;2020;318,74;28,64;9.130;7.428;81,36;3394;2,69
3535309;Palmital;RA de Marília;8;5;Marília;2020;548,41;39,38;21.599;20.431;94,59;7815;2,76
3535408;Panorama;RA de Presidente Prudente;9;2;Presidente Prudente;2020;356,05;42,69;15.199;14.870;97,84;5391;2,82
3535507;Paraguaçu Paulista;RA de Marília;8;5;Marília;2020;1001,49;44,11;44.180;40.038;90,62;14940;2,96
3535606;Paraibuna;RA de São José dos Campos;15;17;Taubaté;2020;809,58;22,52;18.230;5.496;30,15;6155;2,96
3535705;Paraíso;RA de São José do Rio Preto;14;15;São José do Rio Preto;2020;155,19;40,4;6.269;5.706;91,02;2224;2,82
3535804;Paranapanema;RA de Itapeva;7;12;Bauru;2020;1018,72;19,6;19.962;17.183;86,08;6918;2,89
3535903;Paranapuã;RA de São José do Rio Preto;14;15;São José do Rio Preto;2020;140,35;27,73;3.892;3.568;91,68;1462;2,66
3536000;Parapuã;RA de Marília;8;5;Marília;2020;366,66;28,66;10.507;9.053;86,16;3888;2,70
3536109;Pardinho;RA de Sorocaba;13;12;Bauru;2020;209,89;30,45;6.392;5.657;88,5;2100;3,04
3536208;Pariquera-Açu;RA de Registro;16;9;Registro;2020;359,41;53,56;19.251;13.610;70,7;6374;3,02
3536257;Parisi;RA de São José do Rio Preto;14;15;São José do Rio Preto;2020;84,74;24,24;2.054;1.719;83,69;784;2,62
3536307;Patrocínio Paulista;RA de Franca;6;4;Franca;2020;602,85;23,99;14.463;12.307;85,09;4795;3,02
3536406;Paulicéia;RA de Presidente Prudente;9;2;Presidente Prudente;2020;374,09;19,1;7.146;6.368;89,11;2425;2,95
3536505;Paulínia;RA de Campinas;4;3;Campinas;2020;138,78;756,86;105.037;104.940;99,91;34355;3,06
3536570;Paulistânia;RA de Bauru;3;12;Bauru;2020;256,18;6,91;1.769;1.379;77,95;628;2,82
3536604;Paulo de Faria;RA de São José do Rio Preto;14;15;São José do Rio Preto;2020;737,99;11,55;8.521;7.814;91,7;3151;2,70
3536703;Pederneiras;RA de Bauru;3;12;Bauru;2020;728,74;62,53;45.570;42.380;93;15038;3,03
3536802;Pedra Bela;RA de Campinas;4;3;Campinas;2020;158,59;37,61;5.964;1.711;28,69;2077;2,87
3536901;Pedranópolis;RA de São José do Rio Preto;14;15;São José do Rio Preto;2020;260,1;9,31;2.422;1.548;63,91;917;2,64
3537008;Pedregulho;RA de Franca;6;4;Franca;2020;712,6;22,84;16.279;12.172;74,77;5559;2,93
3537107;Pedreira;RA de Campinas;4;3;Campinas;2020;108,82;427,75;46.548;46.157;99,16;15749;2,96
3537156;Pedrinhas Paulista;RA de Marília;8;5;Marília;2020;152,31;19,76;3.010;2.621;87,08;1037;2,90
3537206;Pedro de Toledo;RA de Registro;16;9;Registro;2020;670,44;16,37;10.977;7.759;70,68;3760;2,92
3537305;Penápolis;RA de Araçatuba;1;7;Araçatuba;2020;711,32;85,44;60.774;58.877;96,88;21397;2,84
3537404;Pereira Barreto;RA de Araçatuba;1;7;Araçatuba;2020;974,25;26,06;25.391;23.775;93,64;8890;2,86
3537503;Pereiras;RA de Sorocaba;13;12;Bauru;2020;223,14;37,77;8.428;5.628;66,78;2932;2,87
3537602;Peruíbe;RA de Santos;12;13;Baixada Santista;2020;326,22;202,93;66.201;65.798;99,39;21974;3,01
3537701;Piacatu;RA de Araçatuba;1;7;Araçatuba;2020;232,49;25,34;5.891;5.422;92,04;1966;3,00
3537800;Piedade;RA de Sorocaba;13;6;Sorocaba;2020;746,87;71,68;53.536;25.239;47,14;17535;3,05
3537909;Pilar do Sul;RA de Sorocaba;13;6;Sorocaba;2020;681,25;41,43;28.221;23.491;83,24;9166;3,08
3538006;Pindamonhangaba;RA de São José dos Campos;15;17;Taubaté;2020;730;224,12;163.611;159.147;97,27;53450;3,06
3538105;Pindorama;RA de São José do Rio Preto;14;15;São José do Rio Preto;2020;184,83;87,95;16.255;15.386;94,65;5632;2,89
3538204;Pinhalzinho;RA de Campinas;4;3;Campinas;2020;154,53;95,48;14.755;7.429;50,35;5148;2,87
3538303;Piquerobi;RA de Presidente Prudente;9;2;Presidente Prudente;2020;482,77;7,32;3.535;2.818;79,72;1318;2,68
3538501;Piquete;RA de São José dos Campos;15;17;Taubaté;2020;176;77,54;13.647;12.804;93,82;4676;2,92
3538600;Piracaia;RA de Campinas;4;3;Campinas;2020;385,57;68,18;26.287;26.287;100;9016;2,92
3538709;Piracicaba;RA de Campinas;4;11;Piracicaba;2020;1378,07;282,91;389.873;382.790;98,18;133965;2,91
3538808;Piraju;RA de Itapeva;7;12;Bauru;2020;504,59;56,63;28.574;26.324;92,13;10136;2,82
3538907;Pirajuí;RA de Bauru;3;12;Bauru;2020;823,76;28,24;23.259;19.075;82,01;7198;3,23
3539004;Pirangi;RA de Barretos;2;15;São José do Rio Preto;2020;215,81;50,15;10.823;9.951;91,94;3784;2,86
3539103;Pirapora do Bom Jesus;RM de São Paulo;10;10;Grande São Paulo;2020;108,49;173,76;18.851;18.851;100;6021;3,13
3539202;Pirapozinho;RA de Presidente Prudente;9;2;Presidente Prudente;2020;477,67;56,97;27.213;26.103;95,92;9316;2,92
3539301;Pirassununga;RA de Campinas;4;11;Piracicaba;2020;727,12;101,37;73.706;69.037;93,67;26179;2,82
3539400;Piratininga;RA de Bauru;3;12;Bauru;2020;402,41;32,83;13.213;11.570;87,57;4368;3,02
3539509;Pitangueiras;RA de Ribeirão Preto;11;1;Ribeirão Preto;2020;430,64;89,6;38.584;37.614;97,49;13186;2,93
3539608;Planalto;RA de São José do Rio Preto;14;15;São José do Rio Preto;2020;289,83;17,83;5.167;4.585;88,74;1765;2,93
3539707;Platina;RA de Marília;8;5;Marília;2020;327,48;10,69;3.501;2.894;82,66;1225;2,86
3539806;Poá;RM de São Paulo;10;10;Grande São Paulo;2020;17,26;6693,97;115.538;113.713;98,42;37102;3,11
3539905;Poloni;RA de São José do Rio Preto;14;15;São José do Rio Preto;2020;135,12;41,94;5.667;5.044;89,01;2051;2,76
3540002;Pompéia;RA de Marília;8;5;Marília;2020;784,67;27,12;21.282;19.954;93,76;7493;2,84
3540101;Pongaí;RA de Bauru;3;12;Bauru;2020;183,4;18,27;3.351;2.951;88,06;1273;2,63
3540200;Pontal;RA de Ribeirão Preto;11;1;Ribeirão Preto;2020;356,37;138,29;49.283;48.784;98,99;16496;2,99
3540259;Pontalinda;RA de São José do Rio Preto;14;15;São José do Rio Preto;2020;209,53;21,41;4.487;3.929;87,56;1605;2,80
3540309;Pontes Gestal;RA de São José do Rio Preto;14;15;São José do Rio Preto;2020;217,51;11,62;2.528;2.249;88,96;919;2,75
3540408;Populina;RA de São José do Rio Preto;14;15;São José do Rio Preto;2020;315,94;12,64;3.995;3.351;83,88;1553;2,57
3540507;Porangaba;RA de Sorocaba;13;12;Bauru;2020;265,69;35,04;9.310;4.495;48,28;3346;2,78
3540606;Porto Feliz;RA de Sorocaba;13;6;Sorocaba;2020;556,71;92,86;51.697;45.016;87,08;17227;3,00
3540705;Porto Ferreira;RA Central;5;8;Araraquara;2020;244,91;220,91;54.102;53.132;98,21;18510;2,92
3540754;Potim;RA de São José dos Campos;15;17;Taubaté;2020;44,47;465,53;20.702;15.699;75,83;5658;3,66
3540804;Potirendaba;RA de São José do Rio Preto;14;15;São José do Rio Preto;2020;342,49;48,48;16.605;15.278;92,01;5850;2,84
3540853;Pracinha;RA de Presidente Prudente;9;5;Marília;2020;63,05;46,2;2.913;1.395;47,89;547;5,33
3540903;Pradópolis;RA de Ribeirão Preto;11;1;Ribeirão Preto;2020;167,38;124,91;20.907;19.502;93,28;6895;3,03
3541000;Praia Grande;RA de Santos;12;13;Baixada Santista;2020;149,25;2122,91;316.844;316.844;100;108356;2,92
3541059;Pratânia;RA de Sorocaba;13;12;Bauru;2020;175,1;29,45;5.156;4.203;81,52;1743;2,96
3541109;Presidente Alves;RA de Bauru;3;12;Bauru;2020;286,64;14,02;4.020;3.537;87,99;1458;2,76
3541208;Presidente Bernardes;RA de Presidente Prudente;9;2;Presidente Prudente;2020;749,23;18,31;13.720;11.480;83,67;5028;2,73
3541307;Presidente Epitácio;RA de Presidente Prudente;9;2;Presidente Prudente;2020;1260,28;33,64;42.400;39.839;93,96;15030;2,82
3541406;Presidente Prudente;RA de Presidente Prudente;9;2;Presidente Prudente;2020;560,64;394,32;221.073;216.563;97,96;79152;2,79
3541505;Presidente Venceslau;RA de Presidente Prudente;9;2;Presidente Prudente;2020;755,2;50,32;38.005;36.873;97,02;13581;2,80
3541604;Promissão;RA de Bauru;3;12;Bauru;2020;779,2;50,91;39.667;34.106;85,98;13263;2,99
3541653;Quadra;RA de Sorocaba;13;6;Sorocaba;2020;205,67;18,03;3.708;960;25,89;1289;2,88
3541703;Quatá;RA de Marília;8;2;Presidente Prudente;2020;651,34;21,39;13.935;13.234;94,97;4785;2,91
3541802;Queiroz;RA de Marília;8;5;Marília;2020;234,91;13,96;3.279;2.949;89,94;1141;2,87
3541901;Queluz;RA de São José dos Campos;15;17;Taubaté;2020;249,4;50,7;12.644;10.370;82,02;3746;3,38
3542008;Quintana;RA de Marília;8;5;Marília;2020;318,94;20,38;6.500;6.009;92,45;2329;2,79
3542107;Rafard;RA de Campinas;4;11;Piracicaba;2020;121,65;73,79;8.976;8.089;90,12;2860;3,14
3542206;Rancharia;RA de Presidente Prudente;9;2;Presidente Prudente;2020;1587,5;18,17;28.847;26.488;91,82;10370;2,78
3542305;Redenção da Serra;RA de São José dos Campos;15;17;Taubaté;2020;309,44;12,4;3.837;2.773;72,27;1364;2,81
3542404;Regente Feijó;RA de Presidente Prudente;9;2;Presidente Prudente;2020;263,28;74,03;19.491;18.302;93,9;6902;2,82
3542503;Reginópolis;RA de Bauru;3;12;Bauru;2020;410,41;17,58;7.215;4.298;59,57;1879;3,84
3542602;Registro;RA de Registro;16;9;Registro;2020;722,2;75,07;54.216;48.129;88,77;18239;2,97
3542701;Restinga;RA de Franca;6;4;Franca;2020;245,75;30,49;7.493;6.176;82,42;2294;3,27
3542800;Ribeira;RA de Itapeva;7;6;Sorocaba;2020;335,76;9,66;3.242;1.483;45,74;1096;2,96
3542909;Ribeirão Bonito;RA Central;5;8;Araraquara;2020;471,55;27,48;12.959;12.265;94,64;4412;2,94
3543006;Ribeirão Branco;RA de Itapeva;7;6;Sorocaba;2020;697,5;25,35;17.685;10.493;59,33;5910;2,99
3543105;Ribeirão Corrente;RA de Franca;6;4;Franca;2020;148,33;31,44;4.664;3.860;82,76;1601;2,91
3543204;Ribeirão do Sul;RA de Marília;8;5;Marília;2020;203,21;21,46;4.360;3.572;81,93;1513;2,88
3543238;Ribeirão dos Índios;RA de Presidente Prudente;9;2;Presidente Prudente;2020;196,45;10,9;2.141;1.897;88,6;796;2,69
3543253;Ribeirão Grande;RA de Itapeva;7;6;Sorocaba;2020;333,36;22,53;7.510;2.381;31,7;2511;2,99
3543303;Ribeirão Pires;RM de São Paulo;10;10;Grande São Paulo;2020;99,08;1200,73;118.968;118.968;100;39985;2,98
3543402;Ribeirão Preto;RA de Ribeirão Preto;11;1;Ribeirão Preto;2020;650,92;1050,48;683.777;681.837;99,72;243650;2,81
3543501;Riversul;RA de Itapeva;7;6;Sorocaba;2020;385,88;14,78;5.705;4.307;75,5;2028;2,81
3543600;Rifaina;RA de Franca;6;4;Franca;2020;162,51;21,34;3.468;3.078;88,75;1280;2,71
3543709;Rincão;RA Central;5;8;Araraquara;2020;316,64;33,15;10.496;8.655;82,46;3513;2,99
3543808;Rinópolis;RA de Marília;8;5;Marília;2020;358,48;27,11;9.720;8.910;91,67;3493;2,78
3543907;Rio Claro;RA de Campinas;4;11;Piracicaba;2020;498,42;403,7;201.212;196.819;97,82;71117;2,83
3544004;Rio das Pedras;RA de Campinas;4;11;Piracicaba;2020;226,66;151,84;34.416;33.676;97,85;11453;3,00
3544103;Rio Grande da Serra;RM de São Paulo;10;10;Grande São Paulo;2020;36,34;1370,83;49.816;49.816;100;17155;2,90
3544202;Riolândia;RA de São José do Rio Preto;14;15;São José do Rio Preto;2020;631,9;18,09;11.431;9.043;79,11;3457;3,31
3544251;Rosana;RA de Presidente Prudente;9;2;Presidente Prudente;2020;744,01;24,71;18.387;17.719;96,37;6562;2,80
3544301;Roseira;RA de São José dos Campos;15;17;Taubaté;2020;130,65;81,45;10.642;10.216;96;3497;3,04
3544400;Rubiácea;RA de Araçatuba;1;7;Araçatuba;2020;236,48;13,13;3.106;1.871;60,24;1100;2,82
3544509;Rubinéia;RA de São José do Rio Preto;14;15;São José do Rio Preto;2020;242,88;12,31;2.989;2.621;87,69;1098;2,72
3544608;Sabino;RA de Bauru;3;12;Bauru;2020;305,29;17,91;5.468;4.991;91,28;1930;2,83
3544707;Sagres;RA de Presidente Prudente;9;5;Marília;2020;147,94;15,97;2.362;1.989;84,21;845;2,80
3544806;Sales;RA de São José do Rio Preto;14;15;São José do Rio Preto;2020;308,56;19,61;6.050;5.631;93,07;2161;2,80
3544905;Sales Oliveira;RA de Franca;6;4;Franca;2020;305,78;37,67;11.518;10.850;94,2;3913;2,94
3545001;Salesópolis;RM de São Paulo;10;10;Grande São Paulo;2020;425;39,62;16.838;11.173;66,36;5402;3,12
3545100;Salmourão;RA de Presidente Prudente;9;5;Marília;2020;172,93;29,59;5.117;4.818;94,16;1815;2,82
3545159;Saltinho;RA de Campinas;4;11;Piracicaba;2020;99,74;78,8;7.860;6.594;83,89;2685;2,93
3545209;Salto;RA de Sorocaba;13;6;Sorocaba;2020;133,06;867,07;115.372;114.561;99,3;39087;2,95
3545308;Salto de Pirapora;RA de Sorocaba;13;6;Sorocaba;2020;280,51;157,65;44.223;34.810;78,71;13897;3,18
3545407;Salto Grande;RA de Marília;8;5;Marília;2020;188,44;48,26;9.095;8.380;92,14;3177;2,86
3545506;Sandovalina;RA de Presidente Prudente;9;2;Presidente Prudente;2020;455,86;9,24;4.211;3.371;80,05;1389;3,03
3545605;Santa Adélia;RA de São José do Rio Preto;14;15;São José do Rio Preto;2020;330,27;45,09;14.892;14.089;94,61;5299;2,81
3545704;Santa Albertina;RA de São José do Rio Preto;14;15;São José do Rio Preto;2020;272,69;20,8;5.672;5.057;89,16;2174;2,61
3545803;Santa Bárbara d'Oeste;RA de Campinas;4;3;Campinas;2020;271,03;696,4;188.745;187.263;99,21;65265;2,89
3546009;Santa Branca;RA de São José dos Campos;15;17;Taubaté;2020;272,24;52,08;14.179;12.507;88,21;4861;2,92
3546108;Santa Clara d'Oeste;RA de São José do Rio Preto;14;15;São José do Rio Preto;2020;183,46;10,93;2.006;1.614;80,46;728;2,76
3546207;Santa Cruz da Conceição;RA de Campinas;4;11;Piracicaba;2020;150,13;28,97;4.349;3.398;78,13;1557;2,79
3546256;Santa Cruz da Esperança;RA de Ribeirão Preto;11;1;Ribeirão Preto;2020;148,06;14,03;2.077;1.429;68,8;706;2,94
3546306;Santa Cruz das Palmeiras;RA de Campinas;4;14;São João da Boa Vista;2020;295,34;114,2;33.729;32.998;97,83;11487;2,94
3546405;Santa Cruz do Rio Pardo;RA de Marília;8;5;Marília;2020;1114,75;41,36;46.110;43.274;93,85;15953;2,89
3546504;Santa Ernestina;RA Central;5;8;Araraquara;2020;134,42;41,1;5.525;5.316;96,22;1914;2,89
3546603;Santa Fé do Sul;RA de São José do Rio Preto;14;15;São José do Rio Preto;2020;206,54;149,14;30.804;29.591;96,06;11459;2,69
3546702;Santa Gertrudes;RA de Campinas;4;11;Piracicaba;2020;98,29;266,45;26.189;25.911;98,94;9170;2,86
3546801;Santa Isabel;RM de São Paulo;10;10;Grande São Paulo;2020;363,33;151,61;55.086;44.716;81,17;18490;2,98
3546900;Santa Lúcia;RA Central;5;8;Araraquara;2020;154,03;55,59;8.562;8.208;95,87;2821;3,04
3547007;Santa Maria da Serra;RA de Campinas;4;11;Piracicaba;2020;252,62;24,31;6.141;5.583;90,91;2098;2,93
3547106;Santa Mercedes;RA de Presidente Prudente;9;2;Presidente Prudente;2020;166,75;16,87;2.813;2.572;91,43;1022;2,75
3547205;Santana da Ponte Pensa;RA de São José do Rio Preto;14;15;São José do Rio Preto;2020;129,89;11,62;1.509;1.116;73,96;593;2,54
3547304;Santana de Parnaíba;RM de São Paulo;10;10;Grande São Paulo;2020;179,95;767,61;138.132;138.132;100;45022;3,07
3547403;Santa Rita d'Oeste;RA de São José do Rio Preto;14;15;São José do Rio Preto;2020;209,8;11,46;2.404;1.895;78,83;924;2,60
3547502;Santa Rita do Passa Quatro;RA Central;5;1;Ribeirão Preto;2020;754,14;34,99;26.385;24.263;91,96;9373;2,82
3547601;Santa Rosa de Viterbo;RA de Ribeirão Preto;11;1;Ribeirão Preto;2020;288,58;88,72;25.604;24.636;96,22;8771;2,92
3547650;Santa Salete;RA de São José do Rio Preto;14;15;São José do Rio Preto;2020;79,19;18,18;1.440;1.031;71,6;543;2,65
3547700;Santo Anastácio;RA de Presidente Prudente;9;2;Presidente Prudente;2020;552,88;36,4;20.127;18.977;94,29;7160;2,81
3547809;Santo André;RM de São Paulo;10;10;Grande São Paulo;2020;175,78;3947,36;693.867;693.867;100;240021;2,89
3547908;Santo Antônio da Alegria;RA de Ribeirão Preto;11;1;Ribeirão Preto;2020;310,31;21,39;6.637;4.999;75,32;2392;2,77
3548005;Santo Antônio de Posse;RA de Campinas;4;3;Campinas;2020;154,13;148,24;22.849;21.842;95,59;7801;2,93
3548054;Santo Antônio do Aracanguá;RA de Araçatuba;1;7;Araçatuba;2020;1308,43;6,31;8.252;7.174;86,94;2953;2,79
3548104;Santo Antônio do Jardim;RA de Campinas;4;14;São João da Boa Vista;2020;109,96;52,98;5.826;3.806;65,33;1976;2,95
3548203;Santo Antônio do Pinhal;RA de São José dos Campos;15;17;Taubaté;2020;133,01;49,83;6.628;4.631;69,87;2250;2,95
3548302;Santo Expedito;RA de Presidente Prudente;9;2;Presidente Prudente;2020;94,47;31,46;2.972;2.774;93,34;1095;2,71
3548401;Santópolis do Aguapeí;RA de Araçatuba;1;7;Araçatuba;2020;128,03;36,46;4.668;4.555;97,58;1652;2,83
3548500;Santos;RA de Santos;12;13;Baixada Santista;2020;281,03;1525,47;428.703;428.382;99,93;154029;2,78
3548609;São Bento do Sapucaí;RA de São José dos Campos;15;17;Taubaté;2020;252,58;41,69;10.530;5.435;51,61;3688;2,86
3548708;São Bernardo do Campo;RM de São Paulo;10;10;Grande São Paulo;2020;409,53;1982,97;812.086;799.027;98,39;281253;2,89
3548807;São Caetano do Sul;RM de São Paulo;10;10;Grande São Paulo;2020;15,33;9865,88;151.244;151.244;100;54426;2,78
3548906;São Carlos;RA Central;5;8;Araraquara;2020;1136,91;213,41;242.632;232.915;96;86439;2,81
3549003;São Francisco;RA de São José do Rio Preto;14;15;São José do Rio Preto;2020;75,58;35,42;2.677;2.198;82,11;1000;2,68
3549102;São João da Boa Vista;RA de Campinas;4;14;São João da Boa Vista;2020;516,4;169,13;87.340;85.046;97,37;31575;2,77
3549201;São João das Duas Pontes;RA de São José do Rio Preto;14;15;São José do Rio Preto;2020;129,46;19,13;2.476;1.908;77,06;911;2,72
3549250;São João de Iracema;RA de Araçatuba;1;15;São José do Rio Preto;2020;178,4;10,37;1.850;1.652;89,3;676;2,74
3549300;São João do Pau d'Alho;RA de Presidente Prudente;9;2;Presidente Prudente;2020;117,67;16,87;1.985;1.716;86,45;741;2,68
3549409;São Joaquim da Barra;RA de Franca;6;4;Franca;2020;410,86;122,36;50.274;49.386;98,23;17236;2,92
3549508;São José da Bela Vista;RA de Franca;6;4;Franca;2020;276,95;31,51;8.727;7.961;91,22;2926;2,98
3549607;São José do Barreiro;RA de São José dos Campos;15;17;Taubaté;2020;570,69;7,13;4.070;3.217;79,04;1432;2,84
3549706;São José do Rio Pardo;RA de Campinas;4;14;São João da Boa Vista;2020;419,68;126,78;53.206;49.041;92,17;17967;2,96
3549805;São José do Rio Preto;RA de São José do Rio Preto;14;15;São José do Rio Preto;2020;431,94;1037,01;447.924;420.750;93,93;164204;2,73
3549904;São José dos Campos;RA de São José dos Campos;15;17;Taubaté;2020;1099,41;646,4;710.654;696.197;97,97;237466;2,99
3549953;São Lourenço da Serra;RM de São Paulo;10;10;Grande São Paulo;2020;186,46;83,55;15.579;14.499;93,07;5328;2,92
3550001;São Luiz do Paraitinga;RA de São José dos Campos;15;17;Taubaté;2020;617,32;17,12;10.569;6.337;59,96;3800;2,78
3550100;São Manuel;RA de Sorocaba;13;12;Bauru;2020;650,73;60,81;39.574;39.042;98,66;13112;3,02
3550209;São Miguel Arcanjo;RA de Sorocaba;13;6;Sorocaba;2020;930,34;34,4;32.000;24.583;76,82;10761;2,97
3550308;São Paulo;RM de São Paulo;10;10;Grande São Paulo;2020;1521,11;7803,29;11.869.660;11.762.962;99,1;4107161;2,89
3550407;São Pedro;RA de Campinas;4;11;Piracicaba;2020;611,28;55,96;34.208;29.769;87,02;12139;2,82
3550506;São Pedro do Turvo;RA de Marília;8;5;Marília;2020;731,22;10,08;7.369;5.739;77,88;2624;2,81
3550605;São Roque;RA de Sorocaba;13;6;Sorocaba;2020;306,91;284,89;87.435;84.550;96,7;28872;3,03
3550704;São Sebastião;RA de São José dos Campos;15;17;Taubaté;2020;402,4;216,54;87.135;86.153;98,87;31101;2,80
3550803;São Sebastião da Grama;RA de Campinas;4;14;São João da Boa Vista;2020;252,41;47,29;11.936;8.489;71,12;4082;2,92
3550902;São Simão;RA de Ribeirão Preto;11;1;Ribeirão Preto;2020;617,25;24,05;14.847;13.710;92,34;5053;2,94
3551009;São Vicente;RA de Santos;12;13;Baixada Santista;2020;148,1;2416,81;357.929;357.253;99,81;120424;2,97
3551108;Sarapuí;RA de Sorocaba;13;6;Sorocaba;2020;352,59;28,67;10.110;8.130;80,42;3462;2,92
3551207;Sarutaiá;RA de Itapeva;7;12;Bauru;2020;141,61;25,75;3.646;3.149;86,37;1242;2,94
3551306;Sebastianópolis do Sul;RA de São José do Rio Preto;14;15;São José do Rio Preto;2020;167,85;19,62;3.293;2.810;85,33;1255;2,62
3551405;Serra Azul;RA de Ribeirão Preto;11;1;Ribeirão Preto;2020;283,14;43,38;12.282;8.748;71,23;3065;4,01
3551504;Serrana;RA de Ribeirão Preto;11;1;Ribeirão Preto;2020;126,05;352,51;44.434;44.183;99,44;14583;3,05
3551603;Serra Negra;RA de Campinas;4;3;Campinas;2020;203,73;134,69;27.440;23.897;87,09;9742;2,82
3551702;Sertãozinho;RA de Ribeirão Preto;11;1;Ribeirão Preto;2020;403,09;303,54;122.355;121.772;99,52;41296;2,96
3551801;Sete Barras;RA de Registro;16;9;Registro;2020;1062,7;11,88;12.628;9.143;72,4;4188;3,02
3551900;Severínia;RA de Barretos;2;16;Barretos;2020;140,46;121,93;17.126;16.546;96,61;5861;2,92
3552007;Silveiras;RA de São José dos Campos;15;17;Taubaté;2020;414,78;14,96;6.204;3.339;53,82;2117;2,93
3552106;Socorro;RA de Campinas;4;3;Campinas;2020;449,03;86,37;38.783;27.762;71,58;13787;2,81
3552205;Sorocaba;RA de Sorocaba;13;6;Sorocaba;2020;450,38;1462,2;658.547;651.845;98,98;222040;2,97
3552304;Sud Mennucci;RA de Araçatuba;1;7;Araçatuba;2020;594,74;12,97;7.713;6.644;86,14;2772;2,78
3552403;Sumaré;RA de Campinas;4;3;Campinas;2020;153,47;1845,39;283.212;279.878;98,82;97412;2,91
3552502;Suzano;RM de São Paulo;10;10;Grande São Paulo;2020;206,24;1410,99;291.002;280.758;96,48;93150;3,12
3552551;Suzanápolis;RA de Araçatuba;1;7;Araçatuba;2020;330,59;11,94;3.947;2.634;66,73;1350;2,92
3552601;Tabapuã;RA de São José do Rio Preto;14;15;São José do Rio Preto;2020;345,79;34,39;11.892;11.145;93,72;4291;2,77
3552700;Tabatinga;RA Central;5;8;Araraquara;2020;368,6;43,13;15.897;14.361;90,34;5537;2,87
3552809;Taboão da Serra;RM de São Paulo;10;10;Grande São Paulo;2020;20,39;13922,07;283.871;283.871;100;92688;3,06
3552908;Taciba;RA de Presidente Prudente;9;2;Presidente Prudente;2020;607,27;9,97;6.054;5.320;87,88;2118;2,86
3553005;Taguaí;RA de Itapeva;7;12;Bauru;2020;145,33;91,65;13.319;9.542;71,64;4284;3,11
3553104;Taiaçu;RA de Barretos;2;16;Barretos;2020;107,06;56,39;6.037;5.629;93,24;2098;2,88
3553203;Taiúva;RA de Barretos;2;16;Barretos;2020;132,46;47,4;6.278;5.894;93,88;2461;2,55
3553302;Tambaú;RA de Campinas;4;14;São João da Boa Vista;2020;561,79;40,59;22.803;20.834;91,37;7657;2,98
3553401;Tanabi;RA de São José do Rio Preto;14;15;São José do Rio Preto;2020;747,22;33,6;25.105;23.378;93,12;9222;2,72
3553500;Tapiraí;RA de Sorocaba;13;6;Sorocaba;2020;755,1;10,2;7.699;5.785;75,14;2521;3,05
3553609;Tapiratiba;RA de Campinas;4;14;São João da Boa Vista;2020;221,89;56,83;12.610;11.298;89,6;4247;2,97
3553658;Taquaral;RA de Ribeirão Preto;11;16;Barretos;2020;53,89;51,05;2.751;2.660;96,69;949;2,90
3553708;Taquaritinga;RA Central;5;8;Araraquara;2020;594,34;91,7;54.499;52.424;96,19;19385;2,81
3553807;Taquarituba;RA de Itapeva;7;12;Bauru;2020;448,52;51,71;23.193;21.137;91,14;7855;2,95
3553856;Taquarivaí;RA de Itapeva;7;6;Sorocaba;2020;231,79;24,79;5.746;3.337;58,08;1835;3,13
3553906;Tarabai;RA de Presidente Prudente;9;2;Presidente Prudente;2020;201,39;36,09;7.269;6.834;94,02;2472;2,94
3553955;Tarumã;RA de Marília;8;5;Marília;2020;302,91;48,88;14.806;14.093;95,18;5085;2,91
3554003;Tatuí;RA de Sorocaba;13;6;Sorocaba;2020;523,75;229,35;120.123;116.699;97,15;39835;3,02
3554102;Taubaté;RA de São José dos Campos;15;17;Taubaté;2020;625;491,78;307.361;301.096;97,96;102123;3,01
3554201;Tejupá;RA de Itapeva;7;12;Bauru;2020;296,19;15,86;4.697;3.593;76,5;1504;3,12
3554300;Teodoro Sampaio;RA de Presidente Prudente;9;2;Presidente Prudente;2020;1555,8;14,41;22.414;18.533;82,68;7879;2,84
3554409;Terra Roxa;RA de Barretos;2;16;Barretos;2020;221,54;41,17;9.121;8.779;96,25;3189;2,86
3554508;Tietê;RA de Sorocaba;13;6;Sorocaba;2020;404,4;101,57;41.073;37.528;91,37;14017;2,93
3554607;Timburi;RA de Marília;8;5;Marília;2020;196,79;12,99;2.557;1.996;78,06;918;2,79
3554656;Torre de Pedra;RA de Sorocaba;13;12;Bauru;2020;71,35;32,52;2.320;1.651;71,16;864;2,69
3554706;Torrinha;RA de Campinas;4;12;Bauru;2020;315,27;30,81;9.713;8.482;87,33;3391;2,86
3554755;Trabiju;RA Central;5;8;Araraquara;2020;63,42;26,85;1.703;1.595;93,66;574;2,97
3554805;Tremembé;RA de São José dos Campos;15;17;Taubaté;2020;191,09;240,61;45.978;42.766;93,01;13233;3,47
3554904;Três Fronteiras;RA de São José do Rio Preto;14;15;São José do Rio Preto;2020;151,59;36,59;5.547;4.908;88,48;2050;2,71
3554953;Tuiuti;RA de Campinas;4;3;Campinas;2020;126,73;51,74;6.557;3.560;54,29;2245;2,92
3555000;Tupã;RA de Marília;8;5;Marília;2020;627,99;100,07;62.843;60.322;95,99;22353;2,81
3555109;Tupi Paulista;RA de Presidente Prudente;9;2;Presidente Prudente;2020;244,77;60,78;14.878;11.685;78,54;5046;2,95
3555208;Turiúba;RA de Araçatuba;1;7;Araçatuba;2020;153,24;12,48;1.912;1.618;84,62;757;2,53
3555307;Turmalina;RA de São José do Rio Preto;14;15;São José do Rio Preto;2020;147,8;12,21;1.805;1.373;76,07;697;2,59
3555356;Ubarana;RA de São José do Rio Preto;14;15;São José do Rio Preto;2020;209,86;28,9;6.066;5.608;92,45;2053;2,95
3555406;Ubatuba;RA de São José dos Campos;15;17;Taubaté;2020;708,11;125,57;88.916;86.842;97,67;31687;2,81
3555505;Ubirajara;RA de Bauru;3;5;Marília;2020;282,18;16,52;4.663;3.439;73,75;1657;2,81
3555604;Uchoa;RA de São José do Rio Preto;14;15;São José do Rio Preto;2020;252,43;38,36;9.683;9.082;93,79;3493;2,77
3555703;União Paulista;RA de São José do Rio Preto;14;15;São José do Rio Preto;2020;79,06;22;1.739;1.399;80,45;592;2,94
3555802;Urânia;RA de São José do Rio Preto;14;15;São José do Rio Preto;2020;209,26;41,15;8.611;7.504;87,14;3250;2,65
3555901;Uru;RA de Bauru;3;12;Bauru;2020;146,9;8,22;1.207;1.132;93,79;462;2,61
3556008;Urupês;RA de São José do Rio Preto;14;15;São José do Rio Preto;2020;323,92;40,64;13.164;12.090;91,84;4744;2,77
3556107;Valentim Gentil;RA de São José do Rio Preto;14;15;São José do Rio Preto;2020;149,74;85,28;12.770;11.859;92,87;4535;2,82
3556206;Valinhos;RA de Campinas;4;3;Campinas;2020;148,54;839,79;124.742;119.288;95,63;43189;2,89
3556305;Valparaíso;RA de Araçatuba;1;7;Araçatuba;2020;857,66;27,97;23.988;23.353;97,35;7203;3,33
3556354;Vargem;RA de Campinas;4;3;Campinas;2020;142,6;70,13;10.000;6.290;62,9;3481;2,87
3556404;Vargem Grande do Sul;RA de Campinas;4;14;São João da Boa Vista;2020;267,18;155,33;41.501;39.933;96,22;14321;2,90
3556453;Vargem Grande Paulista;RM de São Paulo;10;10;Grande São Paulo;2020;42,49;1241,75;52.762;52.762;100;16752;3,15
3556503;Várzea Paulista;RA de Campinas;4;3;Campinas;2020;35,12;3432,09;120.535;120.535;100;40534;2,97
3556602;Vera Cruz;RA de Marília;8;5;Marília;2020;247,72;42,48;10.524;9.460;89,89;3527;2,98
3556701;Vinhedo;RA de Campinas;4;3;Campinas;2020;81,6;950,01;77.521;75.085;96,86;25889;2,99
3556800;Viradouro;RA de Barretos;2;16;Barretos;2020;217,73;84,26;18.347;17.810;97,07;6402;2,87
3556909;Vista Alegre do Alto;RA de Barretos;2;16;Barretos;2020;95,43;83,98;8.014;7.594;94,76;2767;2,90
3556958;Vitória Brasil;RA de São José do Rio Preto;14;15;São José do Rio Preto;2020;49,83;35,32;1.760;1.562;88,75;626;2,81
3557006;Votorantim;RA de Sorocaba;13;6;Sorocaba;2020;183,52;652,92;119.824;115.254;96,19;39510;3,03
3557105;Votuporanga;RA de São José do Rio Preto;14;15;São José do Rio Preto;2020;420,7;218,11;91.760;89.189;97,2;34514;2,66
3557154;Zacarias;RA de São José do Rio Preto;14;15;São José do Rio Preto;2020;319,06;8,02;2.560;2.183;85,27;952;2,69
3557204;Chavantes;RA de Marília;8;5;Marília;2020;188,73;64,76;12.223;11.525;94,29;4049;3,02
3557303;Estiva Gerbi;RA de Campinas;4;14;São João da Boa Vista;2020;74,14;149,43;11.079;8.837;79,76;3629;3,05
