Código IBGE;Município;Região Administrativa;Código RA;Código DRS;DRS;População Total 2020;Classes de tamanho;Sequência das Classes
3500105;Adamantina;RA de Presidente Prudente;9;5;Marília; 33.894 ;De 10.001 a 50.000;2
3500204;Adolfo;RA de São José do Rio Preto;14;15;São José do Rio Preto; 3.447 ;Até 10.000;1
3500303;Aguaí;RA de Campinas;4;14;São João da Boa Vista; 35.608 ;De 10.001 a 50.000;2
3500402;Águas da Prata;RA de Campinas;4;14;São João da Boa Vista; 7.797 ;Até 10.000;1
3500501;Águas de Lindóia;RA de Campinas;4;3;Campinas; 18.374 ;De 10.001 a 50.000;2
3500550;Águas de Santa Bárbara;RA de Sorocaba;13;12;Bauru; 5.931 ;Até 10.000;1
3500600;Águas de São Pedro;RA de Campinas;4;11;Piracicaba; 3.122 ;Até 10.000;1
3500709;Agudos;RA de Bauru;3;12;Bauru; 36.134 ;De 10.001 a 50.000;2
3500758;Alambari;RA de Sorocaba;13;6;Sorocaba; 5.779 ;Até 10.000;1
3500808;Alfredo Marcondes;RA de Presidente Prudente;9;2;Presidente Prudente; 3.927 ;Até 10.000;1
3500907;Altair;RA de Barretos;2;16;Barretos; 4.036 ;Até 10.000;1
3501004;Altinópolis;RA de Ribeirão Preto;11;1;Ribeirão Preto; 15.553 ;De 10.001 a 50.000;2
3501103;Alto Alegre;RA de Araçatuba;1;7;Araçatuba; 4.017 ;Até 10.000;1
3501152;Alumínio;RA de Sorocaba;13;6;Sorocaba; 17.972 ;De 10.001 a 50.000;2
3501202;Álvares Florence;RA de São José do Rio Preto;14;15;São José do Rio Preto; 3.621 ;Até 10.000;1
3501301;Álvares Machado;RA de Presidente Prudente;9;2;Presidente Prudente; 23.789 ;De 10.001 a 50.000;2
3501400;Álvaro de Carvalho;RA de Marília;8;5;Marília; 5.044 ;Até 10.000;1
3501509;Alvinlândia;RA de Marília;8;5;Marília; 3.176 ;Até 10.000;1
3501608;Americana;RA de Campinas;4;3;Campinas; 233.458 ;De 100.001 a 500.000;4
3501707;Américo Brasiliense;RA Central;5;8;Araraquara; 40.243 ;De 10.001 a 50.000;2
3501806;Américo de Campos;RA de São José do Rio Preto;14;15;São José do Rio Preto; 5.736 ;Até 10.000;1
3501905;Amparo;RA de Campinas;4;3;Campinas; 69.639 ;De 50.001 a 100.000;3
3502002;Analândia;RA de Campinas;4;11;Piracicaba; 4.850 ;Até 10.000;1
3502101;Andradina;RA de Araçatuba;1;7;Araçatuba; 56.054 ;De 50.001 a 100.000;3
3502200;Angatuba;RA de Itapeva;7;6;Sorocaba; 24.501 ;De 10.001 a 50.000;2
3502309;Anhembi;RA de Sorocaba;13;12;Bauru; 6.672 ;Até 10.000;1
3502408;Anhumas;RA de Presidente Prudente;9;2;Presidente Prudente; 3.963 ;Até 10.000;1
3502507;Aparecida;RA de São José dos Campos;15;17;Taubaté; 35.709 ;De 10.001 a 50.000;2
3502606;Aparecida d'Oeste;RA de São José do Rio Preto;14;15;São José do Rio Preto; 4.132 ;Até 10.000;1
3502705;Apiaí;RA de Itapeva;7;6;Sorocaba; 24.666 ;De 10.001 a 50.000;2
3502754;Araçariguama;RA de Sorocaba;13;6;Sorocaba; 20.980 ;De 10.001 a 50.000;2
3502804;Araçatuba;RA de Araçatuba;1;7;Araçatuba; 190.469 ;De 100.001 a 500.000;4
3502903;Araçoiaba da Serra;RA de Sorocaba;13;6;Sorocaba; 32.390 ;De 10.001 a 50.000;2
3503000;Aramina;RA de Franca;6;4;Franca; 5.496 ;Até 10.000;1
3503109;Arandu;RA de Itapeva;7;12;Bauru; 6.165 ;Até 10.000;1
3503158;Arapeí;RA de São José dos Campos;15;17;Taubaté; 2.471 ;Até 10.000;1
3503208;Araraquara;RA Central;5;8;Araraquara; 227.618 ;De 100.001 a 500.000;4
3503307;Araras;RA de Campinas;4;11;Piracicaba; 131.057 ;De 100.001 a 500.000;4
3503356;Arco-Íris;RA de Marília;8;5;Marília; 1.816 ;Até 10.000;1
3503406;Arealva;RA de Bauru;3;12;Bauru; 8.196 ;Até 10.000;1
3503505;Areias;RA de São José dos Campos;15;17;Taubaté; 3.843 ;Até 10.000;1
3503604;Areiópolis;RA de Sorocaba;13;12;Bauru; 10.857 ;De 10.001 a 50.000;2
3503703;Ariranha;RA de São José do Rio Preto;14;15;São José do Rio Preto; 9.320 ;Até 10.000;1
3503802;Artur Nogueira;RA de Campinas;4;3;Campinas; 52.609 ;De 50.001 a 100.000;3
3503901;Arujá;RM de São Paulo;10;10;Grande São Paulo; 89.744 ;De 50.001 a 100.000;3
3503950;Aspásia;RA de São José do Rio Preto;14;15;São José do Rio Preto; 1.765 ;Até 10.000;1
3504008;Assis;RA de Marília;8;5;Marília; 101.381 ;De 100.001 a 500.000;4
3504107;Atibaia;RA de Campinas;4;3;Campinas; 139.606 ;De 100.001 a 500.000;4
3504206;Auriflama;RA de Araçatuba;1;7;Araçatuba; 14.471 ;De 10.001 a 50.000;2
3504305;Avaí;RA de Bauru;3;12;Bauru; 5.288 ;Até 10.000;1
3504404;Avanhandava;RA de Araçatuba;1;7;Araçatuba; 12.114 ;De 10.001 a 50.000;2
3504503;Avaré;RA de Sorocaba;13;12;Bauru; 87.538 ;De 50.001 a 100.000;3
3504602;Bady Bassitt;RA de São José do Rio Preto;14;15;São José do Rio Preto; 16.329 ;De 10.001 a 50.000;2
3504701;Balbinos;RA de Bauru;3;12;Bauru; 3.704 ;Até 10.000;1
3504800;Bálsamo;RA de São José do Rio Preto;14;15;São José do Rio Preto; 8.524 ;Até 10.000;1
3504909;Bananal;RA de São José dos Campos;15;17;Taubaté; 10.651 ;De 10.001 a 50.000;2
3505005;Barão de Antonina;RA de Itapeva;7;12;Bauru; 3.383 ;Até 10.000;1
3505104;Barbosa;RA de Araçatuba;1;7;Araçatuba; 7.284 ;Até 10.000;1
3505203;Bariri;RA de Bauru;3;12;Bauru; 33.993 ;De 10.001 a 50.000;2
3505302;Barra Bonita;RA de Bauru;3;12;Bauru; 34.914 ;De 10.001 a 50.000;2
3505351;Barra do Chapéu;RA de Itapeva;7;6;Sorocaba; 5.530 ;Até 10.000;1
3505401;Barra do Turvo;RA de Registro;16;9;Registro; 7.687 ;Até 10.000;1
3505500;Barretos;RA de Barretos;2;16;Barretos; 118.048 ;De 100.001 a 500.000;4
3505609;Barrinha;RA de Ribeirão Preto;11;1;Ribeirão Preto; 32.338 ;De 10.001 a 50.000;2
3505708;Barueri;RM de São Paulo;10;10;Grande São Paulo; 264.390 ;De 100.001 a 500.000;4
3505807;Bastos;RA de Marília;8;5;Marília; 20.301 ;De 10.001 a 50.000;2
3505906;Batatais;RA de Franca;6;1;Ribeirão Preto; 60.222 ;De 50.001 a 100.000;3
3506003;Bauru;RA de Bauru;3;12;Bauru; 364.225 ;De 100.001 a 500.000;4
3506102;Bebedouro;RA de Barretos;2;16;Barretos; 74.155 ;De 50.001 a 100.000;3
3506201;Bento de Abreu;RA de Araçatuba;1;7;Araçatuba; 2.945 ;Até 10.000;1
3506300;Bernardino de Campos;RA de Marília;8;5;Marília; 10.787 ;De 10.001 a 50.000;2
3506359;Bertioga;RA de Santos;12;13;Baixada Santista; 63.290 ;De 50.001 a 100.000;3
3506409;Bilac;RA de Araçatuba;1;7;Araçatuba; 7.816 ;Até 10.000;1
3506508;Birigui;RA de Araçatuba;1;7;Araçatuba; 121.329 ;De 100.001 a 500.000;4
3506607;Biritiba Mirim;RM de São Paulo;10;10;Grande São Paulo; 32.338 ;De 10.001 a 50.000;2
3506706;Boa Esperança do Sul;RA Central;5;8;Araraquara; 14.582 ;De 10.001 a 50.000;2
3506805;Bocaina;RA de Bauru;3;12;Bauru; 12.135 ;De 10.001 a 50.000;2
3506904;Bofete;RA de Sorocaba;13;12;Bauru; 11.076 ;De 10.001 a 50.000;2
3507001;Boituva;RA de Sorocaba;13;6;Sorocaba; 57.292 ;De 50.001 a 100.000;3
3507100;Bom Jesus dos Perdões;RA de Campinas;4;3;Campinas; 24.291 ;De 10.001 a 50.000;2
3507159;Bom Sucesso de Itararé;RA de Itapeva;7;6;Sorocaba; 3.861 ;Até 10.000;1
3507209;Borá;RA de Marília;8;5;Marília; 812 ;Até 10.000;1
3507308;Boracéia;RA de Bauru;3;12;Bauru; 4.759 ;Até 10.000;1
3507407;Borborema;RA Central;5;8;Araraquara; 15.323 ;De 10.001 a 50.000;2
3507456;Borebi;RA de Bauru;3;12;Bauru; 2.579 ;Até 10.000;1
3507506;Botucatu;RA de Sorocaba;13;12;Bauru; 141.135 ;De 100.001 a 500.000;4
3507605;Bragança Paulista;RA de Campinas;4;3;Campinas; 163.980 ;De 100.001 a 500.000;4
3507704;Braúna;RA de Araçatuba;1;7;Araçatuba; 5.552 ;Até 10.000;1
3507753;Brejo Alegre;RA de Araçatuba;1;7;Araçatuba; 2.768 ;Até 10.000;1
3507803;Brodowski;RA de Ribeirão Preto;11;1;Ribeirão Preto; 23.943 ;De 10.001 a 50.000;2
3507902;Brotas;RA de Campinas;4;12;Bauru; 23.850 ;De 10.001 a 50.000;2
3508009;Buri;RA de Itapeva;7;6;Sorocaba; 19.678 ;De 10.001 a 50.000;2
3508108;Buritama;RA de Araçatuba;1;7;Araçatuba; 16.596 ;De 10.001 a 50.000;2
3508207;Buritizal;RA de Franca;6;4;Franca; 4.307 ;Até 10.000;1
3508306;Cabrália Paulista;RA de Bauru;3;12;Bauru; 4.308 ;Até 10.000;1
3508405;Cabreúva;RA de Campinas;4;3;Campinas; 49.430 ;De 10.001 a 50.000;2
3508504;Caçapava;RA de São José dos Campos;15;17;Taubaté; 91.217 ;De 50.001 a 100.000;3
3508603;Cachoeira Paulista;RA de São José dos Campos;15;17;Taubaté; 32.231 ;De 10.001 a 50.000;2
3508702;Caconde;RA de Campinas;4;14;São João da Boa Vista; 18.854 ;De 10.001 a 50.000;2
3508801;Cafelândia;RA de Bauru;3;12;Bauru; 17.244 ;De 10.001 a 50.000;2
3508900;Caiabu;RA de Presidente Prudente;9;2;Presidente Prudente; 4.103 ;Até 10.000;1
3509007;Caieiras;RM de São Paulo;10;10;Grande São Paulo; 100.612 ;De 100.001 a 500.000;4
3509106;Caiuá;RA de Presidente Prudente;9;2;Presidente Prudente; 5.600 ;Até 10.000;1
3509205;Cajamar;RM de São Paulo;10;10;Grande São Paulo; 77.627 ;De 50.001 a 100.000;3
3509254;Cajati;RA de Registro;16;9;Registro; 28.992 ;De 10.001 a 50.000;2
3509304;Cajobi;RA de Barretos;2;16;Barretos; 10.105 ;De 10.001 a 50.000;2
3509403;Cajuru;RA de Ribeirão Preto;11;1;Ribeirão Preto; 25.663 ;De 10.001 a 50.000;2
3509452;Campina do Monte Alegre;RA de Itapeva;7;6;Sorocaba; 5.812 ;Até 10.000;1
3509502;Campinas;RA de Campinas;4;3;Campinas; 1.175.501 ;Mais de 500.000;5
3509601;Campo Limpo Paulista;RA de Campinas;4;3;Campinas; 82.842 ;De 50.001 a 100.000;3
3509700;Campos do Jordão;RA de São José dos Campos;15;17;Taubaté; 50.118 ;De 50.001 a 100.000;3
3509809;Campos Novos Paulista;RA de Marília;8;5;Marília; 4.817 ;Até 10.000;1
3509908;Cananéia;RA de Registro;16;9;Registro; 12.341 ;De 10.001 a 50.000;2
3509957;Canas;RA de São José dos Campos;15;17;Taubaté; 5.064 ;Até 10.000;1
3510005;Cândido Mota;RA de Marília;8;5;Marília; 30.019 ;De 10.001 a 50.000;2
3510104;Cândido Rodrigues;RA Central;5;8;Araraquara; 2.674 ;Até 10.000;1
3510153;Canitar;RA de Marília;8;5;Marília; 4.991 ;Até 10.000;1
3510203;Capão Bonito;RA de Itapeva;7;6;Sorocaba; 46.418 ;De 10.001 a 50.000;2
3510302;Capela do Alto;RA de Sorocaba;13;6;Sorocaba; 20.542 ;De 10.001 a 50.000;2
3510401;Capivari;RA de Campinas;4;11;Piracicaba; 54.231 ;De 50.001 a 100.000;3
3510500;Caraguatatuba;RA de São José dos Campos;15;17;Taubaté; 116.106 ;De 100.001 a 500.000;4
3510609;Carapicuíba;RM de São Paulo;10;10;Grande São Paulo; 394.598 ;De 100.001 a 500.000;4
3510708;Cardoso;RA de São José do Rio Preto;14;15;São José do Rio Preto; 11.721 ;De 10.001 a 50.000;2
3510807;Casa Branca;RA de Campinas;4;14;São João da Boa Vista; 29.462 ;De 10.001 a 50.000;2
3510906;Cássia dos Coqueiros;RA de Ribeirão Preto;11;1;Ribeirão Preto; 2.495 ;Até 10.000;1
3511003;Castilho;RA de Araçatuba;1;7;Araçatuba; 20.728 ;De 10.001 a 50.000;2
3511102;Catanduva;RA de São José do Rio Preto;14;15;São José do Rio Preto; 117.206 ;De 100.001 a 500.000;4
3511201;Catiguá;RA de São José do Rio Preto;14;15;São José do Rio Preto; 7.529 ;Até 10.000;1
3511300;Cedral;RA de São José do Rio Preto;14;15;São José do Rio Preto; 8.836 ;Até 10.000;1
3511409;Cerqueira César;RA de Sorocaba;13;12;Bauru; 19.213 ;De 10.001 a 50.000;2
3511508;Cerquilho;RA de Sorocaba;13;6;Sorocaba; 46.411 ;De 10.001 a 50.000;2
3511607;Cesário Lange;RA de Sorocaba;13;6;Sorocaba; 17.248 ;De 10.001 a 50.000;2
3511706;Charqueada;RA de Campinas;4;11;Piracicaba; 16.933 ;De 10.001 a 50.000;2
3511904;Clementina;RA de Araçatuba;1;7;Araçatuba; 8.324 ;Até 10.000;1
3512001;Colina;RA de Barretos;2;16;Barretos; 17.603 ;De 10.001 a 50.000;2
3512100;Colômbia;RA de Barretos;2;16;Barretos; 6.046 ;Até 10.000;1
3512209;Conchal;RA de Campinas;4;11;Piracicaba; 27.284 ;De 10.001 a 50.000;2
3512308;Conchas;RA de Sorocaba;13;12;Bauru; 17.134 ;De 10.001 a 50.000;2
3512407;Cordeirópolis;RA de Campinas;4;11;Piracicaba; 24.356 ;De 10.001 a 50.000;2
3512506;Coroados;RA de Araçatuba;1;7;Araçatuba; 5.926 ;Até 10.000;1
3512605;Coronel Macedo;RA de Itapeva;7;12;Bauru; 4.843 ;Até 10.000;1
3512704;Corumbataí;RA de Campinas;4;11;Piracicaba; 3.962 ;Até 10.000;1
3512803;Cosmópolis;RA de Campinas;4;3;Campinas; 71.282 ;De 50.001 a 100.000;3
3512902;Cosmorama;RA de São José do Rio Preto;14;15;São José do Rio Preto; 6.997 ;Até 10.000;1
3513009;Cotia;RM de São Paulo;10;10;Grande São Paulo; 247.424 ;De 100.001 a 500.000;4
3513108;Cravinhos;RA de Ribeirão Preto;11;1;Ribeirão Preto; 34.428 ;De 10.001 a 50.000;2
3513207;Cristais Paulista;RA de Franca;6;4;Franca; 8.425 ;Até 10.000;1
3513306;Cruzália;RA de Marília;8;5;Marília; 2.117 ;Até 10.000;1
3513405;Cruzeiro;RA de São José dos Campos;15;17;Taubaté; 79.927 ;De 50.001 a 100.000;3
3513504;Cubatão;RA de Santos;12;13;Baixada Santista; 129.145 ;De 100.001 a 500.000;4
3513603;Cunha;RA de São José dos Campos;15;17;Taubaté; 21.681 ;De 10.001 a 50.000;2
3513702;Descalvado;RA Central;5;8;Araraquara; 32.430 ;De 10.001 a 50.000;2
3513801;Diadema;RM de São Paulo;10;10;Grande São Paulo; 404.477 ;De 100.001 a 500.000;4
3513850;Dirce Reis;RA de São José do Rio Preto;14;15;São José do Rio Preto; 1.717 ;Até 10.000;1
3513900;Divinolândia;RA de Campinas;4;14;São João da Boa Vista; 10.886 ;De 10.001 a 50.000;2
3514007;Dobrada;RA Central;5;8;Araraquara; 8.904 ;Até 10.000;1
3514106;Dois Córregos;RA de Bauru;3;12;Bauru; 26.972 ;De 10.001 a 50.000;2
3514205;Dolcinópolis;RA de São José do Rio Preto;14;15;São José do Rio Preto; 2.040 ;Até 10.000;1
3514304;Dourado;RA Central;5;8;Araraquara; 8.482 ;Até 10.000;1
3514403;Dracena;RA de Presidente Prudente;9;2;Presidente Prudente; 44.995 ;De 10.001 a 50.000;2
3514502;Duartina;RA de Bauru;3;12;Bauru; 11.975 ;De 10.001 a 50.000;2
3514601;Dumont;RA de Ribeirão Preto;11;1;Ribeirão Preto; 9.570 ;Até 10.000;1
3514700;Echaporã;RA de Marília;8;5;Marília; 6.217 ;Até 10.000;1
3514809;Eldorado;RA de Registro;16;9;Registro; 15.236 ;De 10.001 a 50.000;2
3514908;Elias Fausto;RA de Campinas;4;11;Piracicaba; 17.346 ;De 10.001 a 50.000;2
3514924;Elisiário;RA de São José do Rio Preto;14;15;São José do Rio Preto; 3.499 ;Até 10.000;1
3514957;Embaúba;RA de Barretos;2;15;São José do Rio Preto; 2.409 ;Até 10.000;1
3515004;Embu das Artes;RM de São Paulo;10;10;Grande São Paulo; 270.790 ;De 100.001 a 500.000;4
3515103;Embu-Guaçu;RM de São Paulo;10;10;Grande São Paulo; 68.053 ;De 50.001 a 100.000;3
3515129;Emilianópolis;RA de Presidente Prudente;9;2;Presidente Prudente; 3.068 ;Até 10.000;1
3515152;Engenheiro Coelho;RA de Campinas;4;11;Piracicaba; 20.535 ;De 10.001 a 50.000;2
3515186;Espírito Santo do Pinhal;RA de Campinas;4;14;São João da Boa Vista; 42.573 ;De 10.001 a 50.000;2
3515194;Espírito Santo do Turvo;RA de Marília;8;5;Marília; 4.799 ;Até 10.000;1
3515202;Estrela d'Oeste;RA de São José do Rio Preto;14;15;São José do Rio Preto; 8.094 ;Até 10.000;1
3515301;Estrela do Norte;RA de Presidente Prudente;9;2;Presidente Prudente; 2.665 ;Até 10.000;1
3515350;Euclides da Cunha Paulista;RA de Presidente Prudente;9;2;Presidente Prudente; 9.537 ;Até 10.000;1
3515400;Fartura;RA de Itapeva;7;12;Bauru; 15.644 ;De 10.001 a 50.000;2
3515509;Fernandópolis;RA de São José do Rio Preto;14;15;São José do Rio Preto; 66.112 ;De 50.001 a 100.000;3
3515608;Fernando Prestes;RA Central;5;15;São José do Rio Preto; 5.572 ;Até 10.000;1
3515657;Fernão;RA de Marília;8;5;Marília; 1.649 ;Até 10.000;1
3515707;Ferraz de Vasconcelos;RM de São Paulo;10;10;Grande São Paulo; 193.037 ;De 100.001 a 500.000;4
3515806;Flora Rica;RA de Presidente Prudente;9;2;Presidente Prudente; 1.589 ;Até 10.000;1
3515905;Floreal;RA de São José do Rio Preto;14;15;São José do Rio Preto; 2.856 ;Até 10.000;1
3516002;Flórida Paulista;RA de Presidente Prudente;9;5;Marília; 12.120 ;De 10.001 a 50.000;2
3516101;Florínea;RA de Marília;8;5;Marília; 2.703 ;Até 10.000;1
3516200;Franca;RA de Franca;6;4;Franca; 342.125 ;De 100.001 a 500.000;4
3516309;Francisco Morato;RM de São Paulo;10;10;Grande São Paulo; 174.403 ;De 100.001 a 500.000;4
3516408;Franco da Rocha;RM de São Paulo;10;10;Grande São Paulo; 152.201 ;De 100.001 a 500.000;4
3516507;Gabriel Monteiro;RA de Araçatuba;1;7;Araçatuba; 2.684 ;Até 10.000;1
3516606;Gália;RA de Marília;8;5;Marília; 6.563 ;Até 10.000;1
3516705;Garça;RA de Marília;8;5;Marília; 42.483 ;De 10.001 a 50.000;2
3516804;Gastão Vidigal;RA de Araçatuba;1;15;São José do Rio Preto; 4.768 ;Até 10.000;1
3516853;Gavião Peixoto;RA Central;5;8;Araraquara; 4.610 ;Até 10.000;1
3516903;General Salgado;RA de Araçatuba;1;15;São José do Rio Preto; 10.648 ;De 10.001 a 50.000;2
3517000;Getulina;RA de Bauru;3;12;Bauru; 10.847 ;De 10.001 a 50.000;2
3517109;Glicério;RA de Araçatuba;1;7;Araçatuba; 4.749 ;Até 10.000;1
3517208;Guaiçara;RA de Bauru;3;12;Bauru; 11.947 ;De 10.001 a 50.000;2
3517307;Guaimbê;RA de Bauru;3;5;Marília; 5.534 ;Até 10.000;1
3517406;Guaíra;RA de Barretos;2;16;Barretos; 39.061 ;De 10.001 a 50.000;2
3517505;Guapiaçu;RA de São José do Rio Preto;14;15;São José do Rio Preto; 20.848 ;De 10.001 a 50.000;2
3517604;Guapiara;RA de Itapeva;7;6;Sorocaba; 17.775 ;De 10.001 a 50.000;2
3517703;Guará;RA de Franca;6;4;Franca; 20.824 ;De 10.001 a 50.000;2
3517802;Guaraçaí;RA de Araçatuba;1;7;Araçatuba; 8.412 ;Até 10.000;1
3517901;Guaraci;RA de Barretos;2;16;Barretos; 10.978 ;De 10.001 a 50.000;2
3518008;Guarani d'Oeste;RA de São José do Rio Preto;14;15;São José do Rio Preto; 1.922 ;Até 10.000;1
3518107;Guarantã;RA de Bauru;3;5;Marília; 6.477 ;Até 10.000;1
3518206;Guararapes;RA de Araçatuba;1;7;Araçatuba; 32.076 ;De 10.001 a 50.000;2
3518305;Guararema;RM de São Paulo;10;10;Grande São Paulo; 29.429 ;De 10.001 a 50.000;2
3518404;Guaratinguetá;RA de São José dos Campos;15;17;Taubaté; 118.345 ;De 100.001 a 500.000;4
3518503;Guareí;RA de Sorocaba;13;6;Sorocaba; 15.750 ;De 10.001 a 50.000;2
3518602;Guariba;RA de Ribeirão Preto;11;1;Ribeirão Preto; 39.021 ;De 10.001 a 50.000;2
3518701;Guarujá;RA de Santos;12;13;Baixada Santista; 316.405 ;De 100.001 a 500.000;4
3518800;Guarulhos;RM de São Paulo;10;10;Grande São Paulo; 1.351.275 ;Mais de 500.000;5
3518859;Guatapará;RA de Ribeirão Preto;11;1;Ribeirão Preto; 7.440 ;Até 10.000;1
3518909;Guzolândia;RA de Araçatuba;1;7;Araçatuba; 5.107 ;Até 10.000;1
3519006;Herculândia;RA de Marília;8;5;Marília; 9.260 ;Até 10.000;1
3519055;Holambra;RA de Campinas;4;3;Campinas; 14.493 ;De 10.001 a 50.000;2
3519071;Hortolândia;RA de Campinas;4;3;Campinas; 230.268 ;De 100.001 a 500.000;4
3519105;Iacanga;RA de Bauru;3;12;Bauru; 11.306 ;De 10.001 a 50.000;2
3519204;Iacri;RA de Marília;8;5;Marília; 6.272 ;Até 10.000;1
3519253;Iaras;RA de Sorocaba;13;12;Bauru; 6.894 ;Até 10.000;1
3519303;Ibaté;RA Central;5;8;Araraquara; 34.738 ;De 10.001 a 50.000;2
3519402;Ibirá;RA de São José do Rio Preto;14;15;São José do Rio Preto; 12.059 ;De 10.001 a 50.000;2
3519501;Ibirarema;RA de Marília;8;5;Marília; 7.509 ;Até 10.000;1
3519600;Ibitinga;RA Central;5;8;Araraquara; 58.501 ;De 50.001 a 100.000;3
3519709;Ibiúna;RA de Sorocaba;13;6;Sorocaba; 76.430 ;De 50.001 a 100.000;3
3519808;Icém;RA de São José do Rio Preto;14;15;São José do Rio Preto; 8.032 ;Até 10.000;1
3519907;Iepê;RA de Presidente Prudente;9;2;Presidente Prudente; 7.921 ;Até 10.000;1
3520004;Igaraçu do Tietê;RA de Bauru;3;12;Bauru; 24.135 ;De 10.001 a 50.000;2
3520103;Igarapava;RA de Franca;6;4;Franca; 29.456 ;De 10.001 a 50.000;2
3520202;Igaratá;RA de São José dos Campos;15;17;Taubaté; 9.312 ;Até 10.000;1
3520301;Iguape;RA de Registro;16;9;Registro; 29.465 ;De 10.001 a 50.000;2
3520400;Ilhabela;RA de São José dos Campos;15;17;Taubaté; 33.470 ;De 10.001 a 50.000;2
3520426;Ilha Comprida;RA de Registro;16;9;Registro; 10.296 ;De 10.001 a 50.000;2
3520442;Ilha Solteira;RA de Araçatuba;1;7;Araçatuba; 25.748 ;De 10.001 a 50.000;2
3520509;Indaiatuba;RA de Campinas;4;3;Campinas; 242.868 ;De 100.001 a 500.000;4
3520608;Indiana;RA de Presidente Prudente;9;2;Presidente Prudente; 4.775 ;Até 10.000;1
3520707;Indiaporã;RA de São José do Rio Preto;14;15;São José do Rio Preto; 3.854 ;Até 10.000;1
3520806;Inúbia Paulista;RA de Presidente Prudente;9;5;Marília; 3.892 ;Até 10.000;1
3520905;Ipaussu;RA de Marília;8;5;Marília; 14.506 ;De 10.001 a 50.000;2
3521002;Iperó;RA de Sorocaba;13;6;Sorocaba; 34.352 ;De 10.001 a 50.000;2
3521101;Ipeúna;RA de Campinas;4;11;Piracicaba; 7.571 ;Até 10.000;1
3521150;Ipiguá;RA de São José do Rio Preto;14;15;São José do Rio Preto; 5.231 ;Até 10.000;1
3521200;Iporanga;RA de Itapeva;7;9;Registro; 4.407 ;Até 10.000;1
3521309;Ipuã;RA de Franca;6;4;Franca; 15.861 ;De 10.001 a 50.000;2
3521408;Iracemápolis;RA de Campinas;4;11;Piracicaba; 23.654 ;De 10.001 a 50.000;2
3521507;Irapuã;RA de São José do Rio Preto;14;15;São José do Rio Preto; 7.734 ;Até 10.000;1
3521606;Irapuru;RA de Presidente Prudente;9;2;Presidente Prudente; 7.334 ;Até 10.000;1
3521705;Itaberá;RA de Itapeva;7;6;Sorocaba; 17.614 ;De 10.001 a 50.000;2
3521804;Itaí;RA de Itapeva;7;12;Bauru; 26.507 ;De 10.001 a 50.000;2
3521903;Itajobi;RA de São José do Rio Preto;14;15;São José do Rio Preto; 14.614 ;De 10.001 a 50.000;2
3522000;Itaju;RA de Bauru;3;12;Bauru; 3.654 ;Até 10.000;1
3522109;Itanhaém;RA de Santos;12;13;Baixada Santista; 98.757 ;De 50.001 a 100.000;3
3522158;Itaoca;RA de Itapeva;7;6;Sorocaba; 3.186 ;Até 10.000;1
3522208;Itapecerica da Serra;RM de São Paulo;10;10;Grande São Paulo; 169.619 ;De 100.001 a 500.000;4
3522307;Itapetininga;RA de Sorocaba;13;6;Sorocaba; 160.150 ;De 100.001 a 500.000;4
3522406;Itapeva;RA de Itapeva;7;6;Sorocaba; 91.693 ;De 50.001 a 100.000;3
3522505;Itapevi;RM de São Paulo;10;10;Grande São Paulo; 237.714 ;De 100.001 a 500.000;4
3522604;Itapira;RA de Campinas;4;14;São João da Boa Vista; 71.500 ;De 50.001 a 100.000;3
3522653;Itapirapuã Paulista;RA de Itapeva;7;6;Sorocaba; 4.180 ;Até 10.000;1
3522703;Itápolis;RA Central;5;8;Araraquara; 41.548 ;De 10.001 a 50.000;2
3522802;Itaporanga;RA de Itapeva;7;12;Bauru; 14.688 ;De 10.001 a 50.000;2
3522901;Itapuí;RA de Bauru;3;12;Bauru; 13.779 ;De 10.001 a 50.000;2
3523008;Itapura;RA de Araçatuba;1;7;Araçatuba; 4.916 ;Até 10.000;1
3523107;Itaquaquecetuba;RM de São Paulo;10;10;Grande São Paulo; 370.589 ;De 100.001 a 500.000;4
3523206;Itararé;RA de Itapeva;7;6;Sorocaba; 49.018 ;De 10.001 a 50.000;2
3523305;Itariri;RA de Registro;16;9;Registro; 17.274 ;De 10.001 a 50.000;2
3523404;Itatiba;RA de Campinas;4;3;Campinas; 117.916 ;De 100.001 a 500.000;4
3523503;Itatinga;RA de Sorocaba;13;12;Bauru; 20.550 ;De 10.001 a 50.000;2
3523602;Itirapina;RA de Campinas;4;11;Piracicaba; 17.162 ;De 10.001 a 50.000;2
3523701;Itirapuã;RA de Franca;6;4;Franca; 6.279 ;Até 10.000;1
3523800;Itobi;RA de Campinas;4;14;São João da Boa Vista; 7.609 ;Até 10.000;1
3523909;Itu;RA de Sorocaba;13;6;Sorocaba; 169.772 ;De 100.001 a 500.000;4
3524006;Itupeva;RA de Campinas;4;3;Campinas; 59.159 ;De 50.001 a 100.000;3
3524105;Ituverava;RA de Franca;6;4;Franca; 40.246 ;De 10.001 a 50.000;2
3524204;Jaborandi;RA de Barretos;2;16;Barretos; 6.677 ;Até 10.000;1
3524303;Jaboticabal;RA de Ribeirão Preto;11;1;Ribeirão Preto; 74.221 ;De 50.001 a 100.000;3
3524402;Jacareí;RA de São José dos Campos;15;17;Taubaté; 227.945 ;De 100.001 a 500.000;4
3524501;Jaci;RA de São José do Rio Preto;14;15;São José do Rio Preto; 6.969 ;Até 10.000;1
3524600;Jacupiranga;RA de Registro;16;9;Registro; 17.222 ;De 10.001 a 50.000;2
3524709;Jaguariúna;RA de Campinas;4;3;Campinas; 54.848 ;De 50.001 a 100.000;3
3524808;Jales;RA de São José do Rio Preto;14;15;São José do Rio Preto; 47.254 ;De 10.001 a 50.000;2
3524907;Jambeiro;RA de São José dos Campos;15;17;Taubaté; 6.214 ;Até 10.000;1
3525003;Jandira;RM de São Paulo;10;10;Grande São Paulo; 123.603 ;De 100.001 a 500.000;4
3525102;Jardinópolis;RA de Ribeirão Preto;11;1;Ribeirão Preto; 42.893 ;De 10.001 a 50.000;2
3525201;Jarinu;RA de Campinas;4;3;Campinas; 29.820 ;De 10.001 a 50.000;2
3525300;Jaú;RA de Bauru;3;12;Bauru; 147.505 ;De 100.001 a 500.000;4
3525409;Jeriquara;RA de Franca;6;4;Franca; 3.141 ;Até 10.000;1
3525508;Joanópolis;RA de Campinas;4;3;Campinas; 12.666 ;De 10.001 a 50.000;2
3525607;João Ramalho;RA de Marília;8;2;Presidente Prudente; 4.384 ;Até 10.000;1
3525706;José Bonifácio;RA de São José do Rio Preto;14;15;São José do Rio Preto; 35.981 ;De 10.001 a 50.000;2
3525805;Júlio Mesquita;RA de Marília;8;5;Marília; 4.640 ;Até 10.000;1
3525854;Jumirim;RA de Sorocaba;13;6;Sorocaba; 3.306 ;Até 10.000;1
3525904;Jundiaí;RA de Campinas;4;3;Campinas; 407.016 ;De 100.001 a 500.000;4
3526001;Junqueirópolis;RA de Presidente Prudente;9;2;Presidente Prudente; 20.065 ;De 10.001 a 50.000;2
3526100;Juquiá;RA de Registro;16;9;Registro; 18.828 ;De 10.001 a 50.000;2
3526209;Juquitiba;RM de São Paulo;10;10;Grande São Paulo; 30.401 ;De 10.001 a 50.000;2
3526308;Lagoinha;RA de São José dos Campos;15;17;Taubaté; 4.819 ;Até 10.000;1
3526407;Laranjal Paulista;RA de Sorocaba;13;12;Bauru; 27.834 ;De 10.001 a 50.000;2
3526506;Lavínia;RA de Araçatuba;1;7;Araçatuba; 8.500 ;Até 10.000;1
3526605;Lavrinhas;RA de São José dos Campos;15;17;Taubaté; 7.167 ;Até 10.000;1
3526704;Leme;RA de Campinas;4;11;Piracicaba; 100.975 ;De 100.001 a 500.000;4
3526803;Lençóis Paulista;RA de Bauru;3;12;Bauru; 66.343 ;De 50.001 a 100.000;3
3526902;Limeira;RA de Campinas;4;11;Piracicaba; 296.300 ;De 100.001 a 500.000;4
3527009;Lindóia;RA de Campinas;4;3;Campinas; 7.722 ;Até 10.000;1
3527108;Lins;RA de Bauru;3;12;Bauru; 75.087 ;De 50.001 a 100.000;3
3527207;Lorena;RA de São José dos Campos;15;17;Taubaté; 86.639 ;De 50.001 a 100.000;3
3527256;Lourdes;RA de Araçatuba;1;7;Araçatuba; 2.182 ;Até 10.000;1
3527306;Louveira;RA de Campinas;4;3;Campinas; 48.268 ;De 10.001 a 50.000;2
3527405;Lucélia;RA de Presidente Prudente;9;5;Marília; 21.019 ;De 10.001 a 50.000;2
3527504;Lucianópolis;RA de Bauru;3;12;Bauru; 2.261 ;Até 10.000;1
3527603;Luís Antônio;RA de Ribeirão Preto;11;1;Ribeirão Preto; 14.166 ;De 10.001 a 50.000;2
3527702;Luiziânia;RA de Araçatuba;1;7;Araçatuba; 5.754 ;Até 10.000;1
3527801;Lupércio;RA de Marília;8;5;Marília; 4.421 ;Até 10.000;1
3527900;Lutécia;RA de Marília;8;5;Marília; 2.621 ;Até 10.000;1
3528007;Macatuba;RA de Bauru;3;12;Bauru; 16.932 ;De 10.001 a 50.000;2
3528106;Macaubal;RA de São José do Rio Preto;14;15;São José do Rio Preto; 7.749 ;Até 10.000;1
3528205;Macedônia;RA de São José do Rio Preto;14;15;São José do Rio Preto; 3.574 ;Até 10.000;1
3528304;Magda;RA de São José do Rio Preto;14;15;São José do Rio Preto; 3.088 ;Até 10.000;1
3528403;Mairinque;RA de Sorocaba;13;6;Sorocaba; 46.323 ;De 10.001 a 50.000;2
3528502;Mairiporã;RM de São Paulo;10;10;Grande São Paulo; 98.622 ;De 50.001 a 100.000;3
3528601;Manduri;RA de Sorocaba;13;12;Bauru; 9.525 ;Até 10.000;1
3528700;Marabá Paulista;RA de Presidente Prudente;9;2;Presidente Prudente; 4.931 ;Até 10.000;1
3528809;Maracaí;RA de Marília;8;5;Marília; 13.521 ;De 10.001 a 50.000;2
3528858;Marapoama;RA de São José do Rio Preto;14;15;São José do Rio Preto; 2.906 ;Até 10.000;1
3528908;Mariápolis;RA de Presidente Prudente;9;5;Marília; 3.975 ;Até 10.000;1
3529005;Marília;RA de Marília;8;5;Marília; 231.554 ;De 100.001 a 500.000;4
3529104;Marinópolis;RA de São José do Rio Preto;14;15;São José do Rio Preto; 2.097 ;Até 10.000;1
3529203;Martinópolis;RA de Presidente Prudente;9;2;Presidente Prudente; 25.668 ;De 10.001 a 50.000;2
3529302;Matão;RA Central;5;8;Araraquara; 80.020 ;De 50.001 a 100.000;3
3529401;Mauá;RM de São Paulo;10;10;Grande São Paulo; 460.132 ;De 100.001 a 500.000;4
3529500;Mendonça;RA de São José do Rio Preto;14;15;São José do Rio Preto; 5.043 ;Até 10.000;1
3529609;Meridiano;RA de São José do Rio Preto;14;15;São José do Rio Preto; 3.739 ;Até 10.000;1
3529658;Mesópolis;RA de São José do Rio Preto;14;15;São José do Rio Preto; 1.893 ;Até 10.000;1
3529708;Miguelópolis;RA de Franca;6;4;Franca; 21.424 ;De 10.001 a 50.000;2
3529807;Mineiros do Tietê;RA de Bauru;3;12;Bauru; 12.597 ;De 10.001 a 50.000;2
3529906;Miracatu;RA de Registro;16;9;Registro; 19.934 ;De 10.001 a 50.000;2
3530003;Mira Estrela;RA de São José do Rio Preto;14;15;São José do Rio Preto; 2.939 ;Até 10.000;1
3530102;Mirandópolis;RA de Araçatuba;1;7;Araçatuba; 28.646 ;De 10.001 a 50.000;2
3530201;Mirante do Paranapanema;RA de Presidente Prudente;9;2;Presidente Prudente; 17.769 ;De 10.001 a 50.000;2
3530300;Mirassol;RA de São José do Rio Preto;14;15;São José do Rio Preto; 57.824 ;De 50.001 a 100.000;3
3530409;Mirassolândia;RA de São José do Rio Preto;14;15;São José do Rio Preto; 4.702 ;Até 10.000;1
3530508;Mococa;RA de Campinas;4;14;São João da Boa Vista; 66.753 ;De 50.001 a 100.000;3
3530607;Mogi das Cruzes;RM de São Paulo;10;10;Grande São Paulo; 432.905 ;De 100.001 a 500.000;4
3530706;Mogi Guaçu;RA de Campinas;4;14;São João da Boa Vista; 148.325 ;De 100.001 a 500.000;4
3530805;Mogi Mirim;RA de Campinas;4;14;São João da Boa Vista; 90.439 ;De 50.001 a 100.000;3
3530904;Mombuca;RA de Campinas;4;11;Piracicaba; 3.332 ;Até 10.000;1
3531001;Monções;RA de São José do Rio Preto;14;15;São José do Rio Preto; 2.175 ;Até 10.000;1
3531100;Mongaguá;RA de Santos;12;13;Baixada Santista; 54.610 ;De 50.001 a 100.000;3
3531209;Monte Alegre do Sul;RA de Campinas;4;3;Campinas; 7.749 ;Até 10.000;1
3531308;Monte Alto;RA de Ribeirão Preto;11;1;Ribeirão Preto; 48.405 ;De 10.001 a 50.000;2
3531407;Monte Aprazível;RA de São José do Rio Preto;14;15;São José do Rio Preto; 23.458 ;De 10.001 a 50.000;2
3531506;Monte Azul Paulista;RA de Barretos;2;16;Barretos; 18.191 ;De 10.001 a 50.000;2
3531605;Monte Castelo;RA de Presidente Prudente;9;2;Presidente Prudente; 3.991 ;Até 10.000;1
3531704;Monteiro Lobato;RA de São José dos Campos;15;17;Taubaté; 4.465 ;Até 10.000;1
3531803;Monte Mor;RA de Campinas;4;3;Campinas; 59.614 ;De 50.001 a 100.000;3
3531902;Morro Agudo;RA de Franca;6;4;Franca; 32.332 ;De 10.001 a 50.000;2
3532009;Morungaba;RA de Campinas;4;3;Campinas; 13.247 ;De 10.001 a 50.000;2
3532058;Motuca;RA Central;5;8;Araraquara; 4.638 ;Até 10.000;1
3532108;Murutinga do Sul;RA de Araçatuba;1;7;Araçatuba; 4.281 ;Até 10.000;1
3532157;Nantes;RA de Presidente Prudente;9;2;Presidente Prudente; 3.071 ;Até 10.000;1
3532207;Narandiba;RA de Presidente Prudente;9;2;Presidente Prudente; 4.841 ;Até 10.000;1
3532306;Natividade da Serra;RA de São José dos Campos;15;17;Taubaté; 6.698 ;Até 10.000;1
3532405;Nazaré Paulista;RA de Campinas;4;3;Campinas; 18.445 ;De 10.001 a 50.000;2
3532504;Neves Paulista;RA de São José do Rio Preto;14;15;São José do Rio Preto; 8.620 ;Até 10.000;1
3532603;Nhandeara;RA de São José do Rio Preto;14;15;São José do Rio Preto; 10.782 ;De 10.001 a 50.000;2
3532702;Nipoã;RA de São José do Rio Preto;14;15;São José do Rio Preto; 4.969 ;Até 10.000;1
3532801;Nova Aliança;RA de São José do Rio Preto;14;15;São José do Rio Preto; 6.450 ;Até 10.000;1
3532827;Nova Campina;RA de Itapeva;7;6;Sorocaba; 9.675 ;Até 10.000;1
3532843;Nova Canaã Paulista;RA de São José do Rio Preto;14;15;São José do Rio Preto; 1.937 ;Até 10.000;1
3532868;Nova Castilho;RA de Araçatuba;1;7;Araçatuba; 1.176 ;Até 10.000;1
3532900;Nova Europa;RA Central;5;8;Araraquara; 10.749 ;De 10.001 a 50.000;2
3533007;Nova Granada;RA de São José do Rio Preto;14;15;São José do Rio Preto; 20.918 ;De 10.001 a 50.000;2
3533106;Nova Guataporanga;RA de Presidente Prudente;9;2;Presidente Prudente; 2.191 ;Até 10.000;1
3533205;Nova Independência;RA de Araçatuba;1;7;Araçatuba; 3.731 ;Até 10.000;1
3533254;Novais;RA de São José do Rio Preto;14;15;São José do Rio Preto; 5.509 ;Até 10.000;1
3533304;Nova Luzitânia;RA de Araçatuba;1;7;Araçatuba; 4.044 ;Até 10.000;1
3533403;Nova Odessa;RA de Campinas;4;3;Campinas; 58.039 ;De 50.001 a 100.000;3
3533502;Novo Horizonte;RA de São José do Rio Preto;14;15;São José do Rio Preto; 38.954 ;De 10.001 a 50.000;2
3533601;Nuporanga;RA de Franca;6;4;Franca; 7.268 ;Até 10.000;1
3533700;Ocauçu;RA de Marília;8;5;Marília; 4.146 ;Até 10.000;1
3533809;Óleo;RA de Marília;8;5;Marília; 2.527 ;Até 10.000;1
3533908;Olímpia;RA de Barretos;2;16;Barretos; 52.516 ;De 50.001 a 100.000;3
3534005;Onda Verde;RA de São José do Rio Preto;14;15;São José do Rio Preto; 4.225 ;Até 10.000;1
3534104;Oriente;RA de Marília;8;5;Marília; 6.265 ;Até 10.000;1
3534203;Orindiúva;RA de São José do Rio Preto;14;15;São José do Rio Preto; 6.866 ;Até 10.000;1
3534302;Orlândia;RA de Franca;6;4;Franca; 42.266 ;De 10.001 a 50.000;2
3534401;Osasco;RM de São Paulo;10;10;Grande São Paulo; 680.964 ;Mais de 500.000;5
3534500;Oscar Bressane;RA de Marília;8;5;Marília; 2.514 ;Até 10.000;1
3534609;Osvaldo Cruz;RA de Presidente Prudente;9;5;Marília; 31.263 ;De 10.001 a 50.000;2
3534708;Ourinhos;RA de Marília;8;5;Marília; 110.489 ;De 100.001 a 500.000;4
3534757;Ouroeste;RA de São José do Rio Preto;14;15;São José do Rio Preto; 9.777 ;Até 10.000;1
3534807;Ouro Verde;RA de Presidente Prudente;9;2;Presidente Prudente; 8.268 ;Até 10.000;1
3534906;Pacaembu;RA de Presidente Prudente;9;5;Marília; 13.056 ;De 10.001 a 50.000;2
3535002;Palestina;RA de São José do Rio Preto;14;15;São José do Rio Preto; 12.160 ;De 10.001 a 50.000;2
3535101;Palmares Paulista;RA de São José do Rio Preto;14;15;São José do Rio Preto; 12.997 ;De 10.001 a 50.000;2
3535200;Palmeira d'Oeste;RA de São José do Rio Preto;14;15;São José do Rio Preto; 9.130 ;Até 10.000;1
3535309;Palmital;RA de Marília;8;5;Marília; 21.599 ;De 10.001 a 50.000;2
3535408;Panorama;RA de Presidente Prudente;9;2;Presidente Prudente; 15.199 ;De 10.001 a 50.000;2
3535507;Paraguaçu Paulista;RA de Marília;8;5;Marília; 44.180 ;De 10.001 a 50.000;2
3535606;Paraibuna;RA de São José dos Campos;15;17;Taubaté; 18.230 ;De 10.001 a 50.000;2
3535705;Paraíso;RA de São José do Rio Preto;14;15;São José do Rio Preto; 6.269 ;Até 10.000;1
3535804;Paranapanema;RA de Itapeva;7;12;Bauru; 19.962 ;De 10.001 a 50.000;2
3535903;Paranapuã;RA de São José do Rio Preto;14;15;São José do Rio Preto; 3.892 ;Até 10.000;1
3536000;Parapuã;RA de Marília;8;5;Marília; 10.507 ;De 10.001 a 50.000;2
3536109;Pardinho;RA de Sorocaba;13;12;Bauru; 6.392 ;Até 10.000;1
3536208;Pariquera-Açu;RA de Registro;16;9;Registro; 19.251 ;De 10.001 a 50.000;2
3536257;Parisi;RA de São José do Rio Preto;14;15;São José do Rio Preto; 2.054 ;Até 10.000;1
3536307;Patrocínio Paulista;RA de Franca;6;4;Franca; 14.463 ;De 10.001 a 50.000;2
3536406;Paulicéia;RA de Presidente Prudente;9;2;Presidente Prudente; 7.146 ;Até 10.000;1
3536505;Paulínia;RA de Campinas;4;3;Campinas; 105.037 ;De 100.001 a 500.000;4
3536570;Paulistânia;RA de Bauru;3;12;Bauru; 1.769 ;Até 10.000;1
3536604;Paulo de Faria;RA de São José do Rio Preto;14;15;São José do Rio Preto; 8.521 ;Até 10.000;1
3536703;Pederneiras;RA de Bauru;3;12;Bauru; 45.570 ;De 10.001 a 50.000;2
3536802;Pedra Bela;RA de Campinas;4;3;Campinas; 5.964 ;Até 10.000;1
3536901;Pedranópolis;RA de São José do Rio Preto;14;15;São José do Rio Preto; 2.422 ;Até 10.000;1
3537008;Pedregulho;RA de Franca;6;4;Franca; 16.279 ;De 10.001 a 50.000;2
3537107;Pedreira;RA de Campinas;4;3;Campinas; 46.548 ;De 10.001 a 50.000;2
3537156;Pedrinhas Paulista;RA de Marília;8;5;Marília; 3.010 ;Até 10.000;1
3537206;Pedro de Toledo;RA de Registro;16;9;Registro; 10.977 ;De 10.001 a 50.000;2
3537305;Penápolis;RA de Araçatuba;1;7;Araçatuba; 60.774 ;De 50.001 a 100.000;3
3537404;Pereira Barreto;RA de Araçatuba;1;7;Araçatuba; 25.391 ;De 10.001 a 50.000;2
3537503;Pereiras;RA de Sorocaba;13;12;Bauru; 8.428 ;Até 10.000;1
3537602;Peruíbe;RA de Santos;12;13;Baixada Santista; 66.201 ;De 50.001 a 100.000;3
3537701;Piacatu;RA de Araçatuba;1;7;Araçatuba; 5.891 ;Até 10.000;1
3537800;Piedade;RA de Sorocaba;13;6;Sorocaba; 53.536 ;De 50.001 a 100.000;3
3537909;Pilar do Sul;RA de Sorocaba;13;6;Sorocaba; 28.221 ;De 10.001 a 50.000;2
3538006;Pindamonhangaba;RA de São José dos Campos;15;17;Taubaté; 163.611 ;De 100.001 a 500.000;4
3538105;Pindorama;RA de São José do Rio Preto;14;15;São José do Rio Preto; 16.255 ;De 10.001 a 50.000;2
3538204;Pinhalzinho;RA de Campinas;4;3;Campinas; 14.755 ;De 10.001 a 50.000;2
3538303;Piquerobi;RA de Presidente Prudente;9;2;Presidente Prudente; 3.535 ;Até 10.000;1
3538501;Piquete;RA de São José dos Campos;15;17;Taubaté; 13.647 ;De 10.001 a 50.000;2
3538600;Piracaia;RA de Campinas;4;3;Campinas; 26.287 ;De 10.001 a 50.000;2
3538709;Piracicaba;RA de Campinas;4;11;Piracicaba; 389.873 ;De 100.001 a 500.000;4
3538808;Piraju;RA de Itapeva;7;12;Bauru; 28.574 ;De 10.001 a 50.000;2
3538907;Pirajuí;RA de Bauru;3;12;Bauru; 23.259 ;De 10.001 a 50.000;2
3539004;Pirangi;RA de Barretos;2;15;São José do Rio Preto; 10.823 ;De 10.001 a 50.000;2
3539103;Pirapora do Bom Jesus;RM de São Paulo;10;10;Grande São Paulo; 18.851 ;De 10.001 a 50.000;2
3539202;Pirapozinho;RA de Presidente Prudente;9;2;Presidente Prudente; 27.213 ;De 10.001 a 50.000;2
3539301;Pirassununga;RA de Campinas;4;11;Piracicaba; 73.706 ;De 50.001 a 100.000;3
3539400;Piratininga;RA de Bauru;3;12;Bauru; 13.213 ;De 10.001 a 50.000;2
3539509;Pitangueiras;RA de Ribeirão Preto;11;1;Ribeirão Preto; 38.584 ;De 10.001 a 50.000;2
3539608;Planalto;RA de São José do Rio Preto;14;15;São José do Rio Preto; 5.167 ;Até 10.000;1
3539707;Platina;RA de Marília;8;5;Marília; 3.501 ;Até 10.000;1
3539806;Poá;RM de São Paulo;10;10;Grande São Paulo; 115.538 ;De 100.001 a 500.000;4
3539905;Poloni;RA de São José do Rio Preto;14;15;São José do Rio Preto; 5.667 ;Até 10.000;1
3540002;Pompéia;RA de Marília;8;5;Marília; 21.282 ;De 10.001 a 50.000;2
3540101;Pongaí;RA de Bauru;3;12;Bauru; 3.351 ;Até 10.000;1
3540200;Pontal;RA de Ribeirão Preto;11;1;Ribeirão Preto; 49.283 ;De 10.001 a 50.000;2
3540259;Pontalinda;RA de São José do Rio Preto;14;15;São José do Rio Preto; 4.487 ;Até 10.000;1
3540309;Pontes Gestal;RA de São José do Rio Preto;14;15;São José do Rio Preto; 2.528 ;Até 10.000;1
3540408;Populina;RA de São José do Rio Preto;14;15;São José do Rio Preto; 3.995 ;Até 10.000;1
3540507;Porangaba;RA de Sorocaba;13;12;Bauru; 9.310 ;Até 10.000;1
3540606;Porto Feliz;RA de Sorocaba;13;6;Sorocaba; 51.697 ;De 50.001 a 100.000;3
3540705;Porto Ferreira;RA Central;5;8;Araraquara; 54.102 ;De 50.001 a 100.000;3
3540754;Potim;RA de São José dos Campos;15;17;Taubaté; 20.702 ;De 10.001 a 50.000;2
3540804;Potirendaba;RA de São José do Rio Preto;14;15;São José do Rio Preto; 16.605 ;De 10.001 a 50.000;2
3540853;Pracinha;RA de Presidente Prudente;9;5;Marília; 2.913 ;Até 10.000;1
3540903;Pradópolis;RA de Ribeirão Preto;11;1;Ribeirão Preto; 20.907 ;De 10.001 a 50.000;2
3541000;Praia Grande;RA de Santos;12;13;Baixada Santista; 316.844 ;De 100.001 a 500.000;4
3541059;Pratânia;RA de Sorocaba;13;12;Bauru; 5.156 ;Até 10.000;1
3541109;Presidente Alves;RA de Bauru;3;12;Bauru; 4.020 ;Até 10.000;1
3541208;Presidente Bernardes;RA de Presidente Prudente;9;2;Presidente Prudente; 13.720 ;De 10.001 a 50.000;2
3541307;Presidente Epitácio;RA de Presidente Prudente;9;2;Presidente Prudente; 42.400 ;De 10.001 a 50.000;2
3541406;Presidente Prudente;RA de Presidente Prudente;9;2;Presidente Prudente; 221.073 ;De 100.001 a 500.000;4
3541505;Presidente Venceslau;RA de Presidente Prudente;9;2;Presidente Prudente; 38.005 ;De 10.001 a 50.000;2
3541604;Promissão;RA de Bauru;3;12;Bauru; 39.667 ;De 10.001 a 50.000;2
3541653;Quadra;RA de Sorocaba;13;6;Sorocaba; 3.708 ;Até 10.000;1
3541703;Quatá;RA de Marília;8;2;Presidente Prudente; 13.935 ;De 10.001 a 50.000;2
3541802;Queiroz;RA de Marília;8;5;Marília; 3.279 ;Até 10.000;1
3541901;Queluz;RA de São José dos Campos;15;17;Taubaté; 12.644 ;De 10.001 a 50.000;2
3542008;Quintana;RA de Marília;8;5;Marília; 6.500 ;Até 10.000;1
3542107;Rafard;RA de Campinas;4;11;Piracicaba; 8.976 ;Até 10.000;1
3542206;Rancharia;RA de Presidente Prudente;9;2;Presidente Prudente; 28.847 ;De 10.001 a 50.000;2
3542305;Redenção da Serra;RA de São José dos Campos;15;17;Taubaté; 3.837 ;Até 10.000;1
3542404;Regente Feijó;RA de Presidente Prudente;9;2;Presidente Prudente; 19.491 ;De 10.001 a 50.000;2
3542503;Reginópolis;RA de Bauru;3;12;Bauru; 7.215 ;Até 10.000;1
3542602;Registro;RA de Registro;16;9;Registro; 54.216 ;De 50.001 a 100.000;3
3542701;Restinga;RA de Franca;6;4;Franca; 7.493 ;Até 10.000;1
3542800;Ribeira;RA de Itapeva;7;6;Sorocaba; 3.242 ;Até 10.000;1
3542909;Ribeirão Bonito;RA Central;5;8;Araraquara; 12.959 ;De 10.001 a 50.000;2
3543006;Ribeirão Branco;RA de Itapeva;7;6;Sorocaba; 17.685 ;De 10.001 a 50.000;2
3543105;Ribeirão Corrente;RA de Franca;6;4;Franca; 4.664 ;Até 10.000;1
3543204;Ribeirão do Sul;RA de Marília;8;5;Marília; 4.360 ;Até 10.000;1
3543238;Ribeirão dos Índios;RA de Presidente Prudente;9;2;Presidente Prudente; 2.141 ;Até 10.000;1
3543253;Ribeirão Grande;RA de Itapeva;7;6;Sorocaba; 7.510 ;Até 10.000;1
3543303;Ribeirão Pires;RM de São Paulo;10;10;Grande São Paulo; 118.968 ;De 100.001 a 500.000;4
3543402;Ribeirão Preto;RA de Ribeirão Preto;11;1;Ribeirão Preto; 683.777 ;Mais de 500.000;5
3543501;Riversul;RA de Itapeva;7;6;Sorocaba; 5.705 ;Até 10.000;1
3543600;Rifaina;RA de Franca;6;4;Franca; 3.468 ;Até 10.000;1
3543709;Rincão;RA Central;5;8;Araraquara; 10.496 ;De 10.001 a 50.000;2
3543808;Rinópolis;RA de Marília;8;5;Marília; 9.720 ;Até 10.000;1
3543907;Rio Claro;RA de Campinas;4;11;Piracicaba; 201.212 ;De 100.001 a 500.000;4
3544004;Rio das Pedras;RA de Campinas;4;11;Piracicaba; 34.416 ;De 10.001 a 50.000;2
3544103;Rio Grande da Serra;RM de São Paulo;10;10;Grande São Paulo; 49.816 ;De 10.001 a 50.000;2
3544202;Riolândia;RA de São José do Rio Preto;14;15;São José do Rio Preto; 11.431 ;De 10.001 a 50.000;2
3544251;Rosana;RA de Presidente Prudente;9;2;Presidente Prudente; 18.387 ;De 10.001 a 50.000;2
3544301;Roseira;RA de São José dos Campos;15;17;Taubaté; 10.642 ;De 10.001 a 50.000;2
3544400;Rubiácea;RA de Araçatuba;1;7;Araçatuba; 3.106 ;Até 10.000;1
3544509;Rubinéia;RA de São José do Rio Preto;14;15;São José do Rio Preto; 2.989 ;Até 10.000;1
3544608;Sabino;RA de Bauru;3;12;Bauru; 5.468 ;Até 10.000;1
3544707;Sagres;RA de Presidente Prudente;9;5;Marília; 2.362 ;Até 10.000;1
3544806;Sales;RA de São José do Rio Preto;14;15;São José do Rio Preto; 6.050 ;Até 10.000;1
3544905;Sales Oliveira;RA de Franca;6;4;Franca; 11.518 ;De 10.001 a 50.000;2
3545001;Salesópolis;RM de São Paulo;10;10;Grande São Paulo; 16.838 ;De 10.001 a 50.000;2
3545100;Salmourão;RA de Presidente Prudente;9;5;Marília; 5.117 ;Até 10.000;1
3545159;Saltinho;RA de Campinas;4;11;Piracicaba; 7.860 ;Até 10.000;1
3545209;Salto;RA de Sorocaba;13;6;Sorocaba; 115.372 ;De 100.001 a 500.000;4
3545308;Salto de Pirapora;RA de Sorocaba;13;6;Sorocaba; 44.223 ;De 10.001 a 50.000;2
3545407;Salto Grande;RA de Marília;8;5;Marília; 9.095 ;Até 10.000;1
3545506;Sandovalina;RA de Presidente Prudente;9;2;Presidente Prudente; 4.211 ;Até 10.000;1
3545605;Santa Adélia;RA de São José do Rio Preto;14;15;São José do Rio Preto; 14.892 ;De 10.001 a 50.000;2
3545704;Santa Albertina;RA de São José do Rio Preto;14;15;São José do Rio Preto; 5.672 ;Até 10.000;1
3545803;Santa Bárbara d'Oeste;RA de Campinas;4;3;Campinas; 188.745 ;De 100.001 a 500.000;4
3546009;Santa Branca;RA de São José dos Campos;15;17;Taubaté; 14.179 ;De 10.001 a 50.000;2
3546108;Santa Clara d'Oeste;RA de São José do Rio Preto;14;15;São José do Rio Preto; 2.006 ;Até 10.000;1
3546207;Santa Cruz da Conceição;RA de Campinas;4;11;Piracicaba; 4.349 ;Até 10.000;1
3546256;Santa Cruz da Esperança;RA de Ribeirão Preto;11;1;Ribeirão Preto; 2.077 ;Até 10.000;1
3546306;Santa Cruz das Palmeiras;RA de Campinas;4;14;São João da Boa Vista; 33.729 ;De 10.001 a 50.000;2
3546405;Santa Cruz do Rio Pardo;RA de Marília;8;5;Marília; 46.110 ;De 10.001 a 50.000;2
3546504;Santa Ernestina;RA Central;5;8;Araraquara; 5.525 ;Até 10.000;1
3546603;Santa Fé do Sul;RA de São José do Rio Preto;14;15;São José do Rio Preto; 30.804 ;De 10.001 a 50.000;2
3546702;Santa Gertrudes;RA de Campinas;4;11;Piracicaba; 26.189 ;De 10.001 a 50.000;2
3546801;Santa Isabel;RM de São Paulo;10;10;Grande São Paulo; 55.086 ;De 50.001 a 100.000;3
3546900;Santa Lúcia;RA Central;5;8;Araraquara; 8.562 ;Até 10.000;1
3547007;Santa Maria da Serra;RA de Campinas;4;11;Piracicaba; 6.141 ;Até 10.000;1
3547106;Santa Mercedes;RA de Presidente Prudente;9;2;Presidente Prudente; 2.813 ;Até 10.000;1
3547205;Santana da Ponte Pensa;RA de São José do Rio Preto;14;15;São José do Rio Preto; 1.509 ;Até 10.000;1
3547304;Santana de Parnaíba;RM de São Paulo;10;10;Grande São Paulo; 138.132 ;De 100.001 a 500.000;4
3547403;Santa Rita d'Oeste;RA de São José do Rio Preto;14;15;São José do Rio Preto; 2.404 ;Até 10.000;1
3547502;Santa Rita do Passa Quatro;RA Central;5;1;Ribeirão Preto; 26.385 ;De 10.001 a 50.000;2
3547601;Santa Rosa de Viterbo;RA de Ribeirão Preto;11;1;Ribeirão Preto; 25.604 ;De 10.001 a 50.000;2
3547650;Santa Salete;RA de São José do Rio Preto;14;15;São José do Rio Preto; 1.440 ;Até 10.000;1
3547700;Santo Anastácio;RA de Presidente Prudente;9;2;Presidente Prudente; 20.127 ;De 10.001 a 50.000;2
3547809;Santo André;RM de São Paulo;10;10;Grande São Paulo; 693.867 ;Mais de 500.000;5
3547908;Santo Antônio da Alegria;RA de Ribeirão Preto;11;1;Ribeirão Preto; 6.637 ;Até 10.000;1
3548005;Santo Antônio de Posse;RA de Campinas;4;3;Campinas; 22.849 ;De 10.001 a 50.000;2
3548054;Santo Antônio do Aracanguá;RA de Araçatuba;1;7;Araçatuba; 8.252 ;Até 10.000;1
3548104;Santo Antônio do Jardim;RA de Campinas;4;14;São João da Boa Vista; 5.826 ;Até 10.000;1
3548203;Santo Antônio do Pinhal;RA de São José dos Campos;15;17;Taubaté; 6.628 ;Até 10.000;1
3548302;Santo Expedito;RA de Presidente Prudente;9;2;Presidente Prudente; 2.972 ;Até 10.000;1
3548401;Santópolis do Aguapeí;RA de Araçatuba;1;7;Araçatuba; 4.668 ;Até 10.000;1
3548500;Santos;RA de Santos;12;13;Baixada Santista; 428.703 ;De 100.001 a 500.000;4
3548609;São Bento do Sapucaí;RA de São José dos Campos;15;17;Taubaté; 10.530 ;De 10.001 a 50.000;2
3548708;São Bernardo do Campo;RM de São Paulo;10;10;Grande São Paulo; 812.086 ;Mais de 500.000;5
3548807;São Caetano do Sul;RM de São Paulo;10;10;Grande São Paulo; 151.244 ;De 100.001 a 500.000;4
3548906;São Carlos;RA Central;5;8;Araraquara; 242.632 ;De 100.001 a 500.000;4
3549003;São Francisco;RA de São José do Rio Preto;14;15;São José do Rio Preto; 2.677 ;Até 10.000;1
3549102;São João da Boa Vista;RA de Campinas;4;14;São João da Boa Vista; 87.340 ;De 50.001 a 100.000;3
3549201;São João das Duas Pontes;RA de São José do Rio Preto;14;15;São José do Rio Preto; 2.476 ;Até 10.000;1
3549250;São João de Iracema;RA de Araçatuba;1;15;São José do Rio Preto; 1.850 ;Até 10.000;1
3549300;São João do Pau d'Alho;RA de Presidente Prudente;9;2;Presidente Prudente; 1.985 ;Até 10.000;1
3549409;São Joaquim da Barra;RA de Franca;6;4;Franca; 50.274 ;De 50.001 a 100.000;3
3549508;São José da Bela Vista;RA de Franca;6;4;Franca; 8.727 ;Até 10.000;1
3549607;São José do Barreiro;RA de São José dos Campos;15;17;Taubaté; 4.070 ;Até 10.000;1
3549706;São José do Rio Pardo;RA de Campinas;4;14;São João da Boa Vista; 53.206 ;De 50.001 a 100.000;3
3549805;São José do Rio Preto;RA de São José do Rio Preto;14;15;São José do Rio Preto; 447.924 ;De 100.001 a 500.000;4
3549904;São José dos Campos;RA de São José dos Campos;15;17;Taubaté; 710.654 ;Mais de 500.000;5
3549953;São Lourenço da Serra;RM de São Paulo;10;10;Grande São Paulo; 15.579 ;De 10.001 a 50.000;2
3550001;São Luiz do Paraitinga;RA de São José dos Campos;15;17;Taubaté; 10.569 ;De 10.001 a 50.000;2
3550100;São Manuel;RA de Sorocaba;13;12;Bauru; 39.574 ;De 10.001 a 50.000;2
3550209;São Miguel Arcanjo;RA de Sorocaba;13;6;Sorocaba; 32.000 ;De 10.001 a 50.000;2
3550308;São Paulo;RM de São Paulo;10;10;Grande São Paulo; 11.869.660 ;Mais de 500.000;5
3550407;São Pedro;RA de Campinas;4;11;Piracicaba; 34.208 ;De 10.001 a 50.000;2
3550506;São Pedro do Turvo;RA de Marília;8;5;Marília; 7.369 ;Até 10.000;1
3550605;São Roque;RA de Sorocaba;13;6;Sorocaba; 87.435 ;De 50.001 a 100.000;3
3550704;São Sebastião;RA de São José dos Campos;15;17;Taubaté; 87.135 ;De 50.001 a 100.000;3
3550803;São Sebastião da Grama;RA de Campinas;4;14;São João da Boa Vista; 11.936 ;De 10.001 a 50.000;2
3550902;São Simão;RA de Ribeirão Preto;11;1;Ribeirão Preto; 14.847 ;De 10.001 a 50.000;2
3551009;São Vicente;RA de Santos;12;13;Baixada Santista; 357.929 ;De 100.001 a 500.000;4
3551108;Sarapuí;RA de Sorocaba;13;6;Sorocaba; 10.110 ;De 10.001 a 50.000;2
3551207;Sarutaiá;RA de Itapeva;7;12;Bauru; 3.646 ;Até 10.000;1
3551306;Sebastianópolis do Sul;RA de São José do Rio Preto;14;15;São José do Rio Preto; 3.293 ;Até 10.000;1
3551405;Serra Azul;RA de Ribeirão Preto;11;1;Ribeirão Preto; 12.282 ;De 10.001 a 50.000;2
3551504;Serrana;RA de Ribeirão Preto;11;1;Ribeirão Preto; 44.434 ;De 10.001 a 50.000;2
3551603;Serra Negra;RA de Campinas;4;3;Campinas; 27.440 ;De 10.001 a 50.000;2
3551702;Sertãozinho;RA de Ribeirão Preto;11;1;Ribeirão Preto; 122.355 ;De 100.001 a 500.000;4
3551801;Sete Barras;RA de Registro;16;9;Registro; 12.628 ;De 10.001 a 50.000;2
3551900;Severínia;RA de Barretos;2;16;Barretos; 17.126 ;De 10.001 a 50.000;2
3552007;Silveiras;RA de São José dos Campos;15;17;Taubaté; 6.204 ;Até 10.000;1
3552106;Socorro;RA de Campinas;4;3;Campinas; 38.783 ;De 10.001 a 50.000;2
3552205;Sorocaba;RA de Sorocaba;13;6;Sorocaba; 658.547 ;Mais de 500.000;5
3552304;Sud Mennucci;RA de Araçatuba;1;7;Araçatuba; 7.713 ;Até 10.000;1
3552403;Sumaré;RA de Campinas;4;3;Campinas; 283.212 ;De 100.001 a 500.000;4
3552502;Suzano;RM de São Paulo;10;10;Grande São Paulo; 291.002 ;De 100.001 a 500.000;4
3552551;Suzanápolis;RA de Araçatuba;1;7;Araçatuba; 3.947 ;Até 10.000;1
3552601;Tabapuã;RA de São José do Rio Preto;14;15;São José do Rio Preto; 11.892 ;De 10.001 a 50.000;2
3552700;Tabatinga;RA Central;5;8;Araraquara; 15.897 ;De 10.001 a 50.000;2
3552809;Taboão da Serra;RM de São Paulo;10;10;Grande São Paulo; 283.871 ;De 100.001 a 500.000;4
3552908;Taciba;RA de Presidente Prudente;9;2;Presidente Prudente; 6.054 ;Até 10.000;1
3553005;Taguaí;RA de Itapeva;7;12;Bauru; 13.319 ;De 10.001 a 50.000;2
3553104;Taiaçu;RA de Barretos;2;16;Barretos; 6.037 ;Até 10.000;1
3553203;Taiúva;RA de Barretos;2;16;Barretos; 6.278 ;Até 10.000;1
3553302;Tambaú;RA de Campinas;4;14;São João da Boa Vista; 22.803 ;De 10.001 a 50.000;2
3553401;Tanabi;RA de São José do Rio Preto;14;15;São José do Rio Preto; 25.105 ;De 10.001 a 50.000;2
3553500;Tapiraí;RA de Sorocaba;13;6;Sorocaba; 7.699 ;Até 10.000;1
3553609;Tapiratiba;RA de Campinas;4;14;São João da Boa Vista; 12.610 ;De 10.001 a 50.000;2
3553658;Taquaral;RA de Ribeirão Preto;11;16;Barretos; 2.751 ;Até 10.000;1
3553708;Taquaritinga;RA Central;5;8;Araraquara; 54.499 ;De 50.001 a 100.000;3
3553807;Taquarituba;RA de Itapeva;7;12;Bauru; 23.193 ;De 10.001 a 50.000;2
3553856;Taquarivaí;RA de Itapeva;7;6;Sorocaba; 5.746 ;Até 10.000;1
3553906;Tarabai;RA de Presidente Prudente;9;2;Presidente Prudente; 7.269 ;Até 10.000;1
3553955;Tarumã;RA de Marília;8;5;Marília; 14.806 ;De 10.001 a 50.000;2
3554003;Tatuí;RA de Sorocaba;13;6;Sorocaba; 120.123 ;De 100.001 a 500.000;4
3554102;Taubaté;RA de São José dos Campos;15;17;Taubaté; 307.361 ;De 100.001 a 500.000;4
3554201;Tejupá;RA de Itapeva;7;12;Bauru; 4.697 ;Até 10.000;1
3554300;Teodoro Sampaio;RA de Presidente Prudente;9;2;Presidente Prudente; 22.414 ;De 10.001 a 50.000;2
3554409;Terra Roxa;RA de Barretos;2;16;Barretos; 9.121 ;Até 10.000;1
3554508;Tietê;RA de Sorocaba;13;6;Sorocaba; 41.073 ;De 10.001 a 50.000;2
3554607;Timburi;RA de Marília;8;5;Marília; 2.557 ;Até 10.000;1
3554656;Torre de Pedra;RA de Sorocaba;13;12;Bauru; 2.320 ;Até 10.000;1
3554706;Torrinha;RA de Campinas;4;12;Bauru; 9.713 ;Até 10.000;1
3554755;Trabiju;RA Central;5;8;Araraquara; 1.703 ;Até 10.000;1
3554805;Tremembé;RA de São José dos Campos;15;17;Taubaté; 45.978 ;De 10.001 a 50.000;2
3554904;Três Fronteiras;RA de São José do Rio Preto;14;15;São José do Rio Preto; 5.547 ;Até 10.000;1
3554953;Tuiuti;RA de Campinas;4;3;Campinas; 6.557 ;Até 10.000;1
3555000;Tupã;RA de Marília;8;5;Marília; 62.843 ;De 50.001 a 100.000;3
3555109;Tupi Paulista;RA de Presidente Prudente;9;2;Presidente Prudente; 14.878 ;De 10.001 a 50.000;2
3555208;Turiúba;RA de Araçatuba;1;7;Araçatuba; 1.912 ;Até 10.000;1
3555307;Turmalina;RA de São José do Rio Preto;14;15;São José do Rio Preto; 1.805 ;Até 10.000;1
3555356;Ubarana;RA de São José do Rio Preto;14;15;São José do Rio Preto; 6.066 ;Até 10.000;1
3555406;Ubatuba;RA de São José dos Campos;15;17;Taubaté; 88.916 ;De 50.001 a 100.000;3
3555505;Ubirajara;RA de Bauru;3;5;Marília; 4.663 ;Até 10.000;1
3555604;Uchoa;RA de São José do Rio Preto;14;15;São José do Rio Preto; 9.683 ;Até 10.000;1
3555703;União Paulista;RA de São José do Rio Preto;14;15;São José do Rio Preto; 1.739 ;Até 10.000;1
3555802;Urânia;RA de São José do Rio Preto;14;15;São José do Rio Preto; 8.611 ;Até 10.000;1
3555901;Uru;RA de Bauru;3;12;Bauru; 1.207 ;Até 10.000;1
3556008;Urupês;RA de São José do Rio Preto;14;15;São José do Rio Preto; 13.164 ;De 10.001 a 50.000;2
3556107;Valentim Gentil;RA de São José do Rio Preto;14;15;São José do Rio Preto; 12.770 ;De 10.001 a 50.000;2
3556206;Valinhos;RA de Campinas;4;3;Campinas; 124.742 ;De 100.001 a 500.000;4
3556305;Valparaíso;RA de Araçatuba;1;7;Araçatuba; 23.988 ;De 10.001 a 50.000;2
3556354;Vargem;RA de Campinas;4;3;Campinas; 10.000 ;Até 10.000;1
3556404;Vargem Grande do Sul;RA de Campinas;4;14;São João da Boa Vista; 41.501 ;De 10.001 a 50.000;2
3556453;Vargem Grande Paulista;RM de São Paulo;10;10;Grande São Paulo; 52.762 ;De 50.001 a 100.000;3
3556503;Várzea Paulista;RA de Campinas;4;3;Campinas; 120.535 ;De 100.001 a 500.000;4
3556602;Vera Cruz;RA de Marília;8;5;Marília; 10.524 ;De 10.001 a 50.000;2
3556701;Vinhedo;RA de Campinas;4;3;Campinas; 77.521 ;De 50.001 a 100.000;3
3556800;Viradouro;RA de Barretos;2;16;Barretos; 18.347 ;De 10.001 a 50.000;2
3556909;Vista Alegre do Alto;RA de Barretos;2;16;Barretos; 8.014 ;Até 10.000;1
3556958;Vitória Brasil;RA de São José do Rio Preto;14;15;São José do Rio Preto; 1.760 ;Até 10.000;1
3557006;Votorantim;RA de Sorocaba;13;6;Sorocaba; 119.824 ;De 100.001 a 500.000;4
3557105;Votuporanga;RA de São José do Rio Preto;14;15;São José do Rio Preto; 91.760 ;De 50.001 a 100.000;3
3557154;Zacarias;RA de São José do Rio Preto;14;15;São José do Rio Preto; 2.560 ;Até 10.000;1
3557204;Chavantes;RA de Marília;8;5;Marília; 12.223 ;De 10.001 a 50.000;2
3557303;Estiva Gerbi;RA de Campinas;4;14;São João da Boa Vista; 11.079 ;De 10.001 a 50.000;2
